phenotype	NR	R	R	NR	R	R	R	R	NR	R	R	R	R	NR	R	NR	NR	R	NR	R	R	R	R	R	R	NR	R	R	R	NR	R	R	R	R	NR	R	R	R	R	NR
subject_id	Wargo.109865	Wargo.115690	Wargo.117349	Wargo.118369	Wargo.118370	Wargo.120662	Wargo.121296	Wargo.121409	Wargo.121891	Wargo.121892	Wargo.122114	Wargo.122410	Wargo.122412	Wargo.122637	Wargo.122639	Wargo.122724	Wargo.123009	Wargo.123197	Wargo.123305	Wargo.123704	Wargo.123986	Wargo.124418	Wargo.124419	Wargo.124421	Wargo.126747	Wargo.126802	Wargo.127261	Wargo.127262	Wargo.130510	Wargo.130511	Wargo.130801	Wargo.131051	Wargo.131300	Wargo.131302	Wargo.131512	Wargo.131541	Wargo.132265	Wargo.132266	Wargo.132268	Wargo.132538
Bacteria	14649	11419	61151	83302	58503	57252	60331	73177	29254	33688	26828	20625	34564	31538	29480	23754	29456	36699	25175	37345	40240	28178	43126	47950	66877	47720	49916	55542	58362	36376	48223	59417	59172	50157	65678	63517	52042	29016	59337	80264
Archaea	0	4	70	0	0	0	0	0	0	110	0	3	0	0	0	0	0	0	12	0	376	11	0	0	0	0	0	180	0	0	0	0	0	0	0	0	0	3	0	0
Eukaryota	0	0	0	0	2	0	0	0	0	0	0	0	0	0	0	0	0	0	0	0	0	0	0	0	0	0	0	0	0	0	0	0	0	0	0	0	0	0	0	0
Bacteria|Bacteroidetes	12906	4022	22310	65369	30087	29947	38287	37746	19419	14384	21246	7276	23687	20960	4859	17341	17058	25836	19177	927	14341	12817	37480	35627	24530	35682	27661	25337	28408	26087	10238	40099	43465	19	36763	32132	35003	4119	34610	71626
Bacteria|Proteobacteria	264	139	4571	2859	1005	2209	6267	9386	902	610	1182	320	1860	1130	4047	836	3912	1503	628	785	1509	596	1938	1235	6018	1695	5970	15066	15511	2170	1047	4318	521	2657	1221	1917	2469	335	1828	2576
Bacteria|Firmicutes	1477	6086	33227	14944	26840	23431	13361	25951	8920	18327	4291	12987	7549	8799	20569	5500	6897	9327	4550	35255	21925	14080	1631	11080	34120	10283	14668	14219	13344	7691	28831	14945	15089	47245	24423	28754	12098	23722	22825	5847
Bacteria|Verrucomicrobia	0	656	168	7	86	1429	153	22	0	174	0	3	1466	0	0	0	1569	0	699	0	726	103	5	4	1462	2	124	75	0	419	7501	0	0	2	3200	310	0	0	0	210
Bacteria|Actinobacteria	2	14	26	74	462	18	2252	62	11	138	18	24	2	455	2	67	13	14	119	37	1723	534	7	0	732	52	38	7	108	0	606	4	93	70	37	206	100	55	11	5
Bacteria|Cyanobacteria	0	0	742	0	20	148	2	0	0	0	63	2	0	2	0	0	5	15	0	10	0	0	3	2	11	0	1444	0	0	0	0	49	0	74	3	5	2357	226	63	0
Bacteria|Fusobacteria	0	0	0	35	0	6	0	8	0	0	28	10	0	0	0	4	0	4	0	233	16	16	2062	0	0	0	0	0	989	0	0	2	2	68	0	5	4	0	0	0
Bacteria|Tenericutes	0	502	51	0	0	0	3	0	0	0	0	0	0	0	0	0	0	0	0	0	0	15	0	2	0	0	0	763	0	0	0	0	0	0	0	0	0	549	0	0
Archaea|Euryarchaeota	0	4	70	0	0	0	0	0	0	110	0	3	0	0	0	0	0	0	12	0	376	11	0	0	0	0	0	180	0	0	0	0	0	0	0	0	0	3	0	0
Bacteria|Epsilonbacteraeota	0	0	0	8	0	0	3	0	0	0	0	0	0	192	0	2	0	0	0	98	0	0	0	0	0	0	0	65	2	0	0	0	2	22	0	0	0	0	0	0
Bacteria|Lentisphaerae	0	0	42	6	0	64	0	0	0	36	0	0	0	0	0	0	0	0	0	0	0	0	0	0	0	0	0	0	0	0	0	0	0	0	25	182	0	5	0	0
Bacteria|Synergistetes	0	0	0	0	0	0	0	0	0	13	0	0	0	0	0	0	0	0	0	0	0	8	0	0	0	0	0	4	0	0	0	0	0	0	0	0	0	2	0	0
Bacteria|Deferribacteres	0	0	0	0	0	0	3	0	0	0	0	0	0	0	0	0	0	0	0	0	0	0	0	0	0	0	0	0	0	0	0	0	0	0	0	0	0	0	0	0
Eukaryota|Incertae_Sedis	0	0	0	0	2	0	0	0	0	0	0	0	0	0	0	0	0	0	0	0	0	0	0	0	0	0	0	0	0	0	0	0	0	0	0	0	0	0	0	0
Bacteria|Bacteroidetes|Bacteroidia	12906	4022	22307	65369	30087	29947	38287	37746	19419	14379	21246	7276	23687	20960	4859	17341	17058	25836	19175	927	14341	12817	37480	35627	24530	35682	27661	25335	28408	26087	10238	40099	43465	19	36763	32132	35000	4119	34610	71626
Bacteria|Proteobacteria|Gammaproteobacteria	264	69	1353	2455	548	1786	6260	9374	688	551	1182	240	1557	922	4047	594	3860	1499	250	785	1438	172	1933	1215	3855	1230	2639	14856	2590	2085	1047	3824	59	2637	631	1765	2038	127	1394	2576
Bacteria|Firmicutes|Clostridia	1364	5463	32744	14544	25837	22667	12635	25010	7419	17361	4187	12507	6870	7869	17997	5193	5485	9059	4194	33625	20898	13655	981	10733	30952	9235	14031	12749	12158	6862	18639	12987	14563	44769	23488	27881	11037	23540	21892	4430
Bacteria|Proteobacteria|Alphaproteobacteria	0	0	2716	0	4	0	2	2	0	0	0	0	63	0	0	0	0	4	0	0	0	0	5	0	1827	0	2161	0	12609	0	0	494	0	20	0	0	0	102	15	0
Bacteria|Firmicutes|Negativicutes	113	228	402	174	605	506	470	745	1457	252	19	386	573	627	1123	198	1087	0	341	643	234	370	500	312	1228	1006	573	138	1073	759	9663	1395	444	2028	327	556	608	93	583	1098
Bacteria|Verrucomicrobia|Verrucomicrobiae	0	656	168	7	86	1429	153	22	0	174	0	3	1466	0	0	0	1569	0	699	0	726	103	5	4	1462	2	124	75	0	419	7501	0	0	2	3200	310	0	0	0	210
Bacteria|Proteobacteria|Deltaproteobacteria	0	70	502	404	453	423	5	10	214	59	0	80	240	208	0	242	52	0	378	0	71	424	0	20	336	465	1170	210	312	85	0	0	462	0	590	152	431	106	419	0
Bacteria|Actinobacteria|Coriobacteriia	0	0	3	29	454	18	136	0	9	59	18	15	2	49	0	12	10	4	56	16	1579	46	0	0	545	39	31	7	38	0	596	2	28	5	31	47	2	14	7	0
Bacteria|Actinobacteria|Actinobacteria	2	14	23	45	8	0	2116	62	2	79	0	7	0	406	2	55	3	10	63	21	144	488	7	0	187	13	7	0	70	0	10	2	65	65	6	159	98	41	4	5
Bacteria|Cyanobacteria|Melainabacteria	0	0	740	0	0	148	0	0	0	0	0	0	0	0	0	0	0	0	0	0	0	0	0	0	0	0	1444	0	0	0	0	0	0	0	0	0	2357	226	0	0
Bacteria|Firmicutes|Bacilli	0	144	11	74	58	18	81	58	6	591	69	2	17	143	1019	43	302	30	9	75	775	13	143	19	1627	14	0	1283	0	3	319	296	29	41	95	61	15	17	41	309
Bacteria|Fusobacteria|Fusobacteriia	0	0	0	35	0	6	0	8	0	0	28	10	0	0	0	4	0	4	0	233	16	16	2062	0	0	0	0	0	989	0	0	2	2	68	0	5	4	0	0	0
Bacteria|Firmicutes|Erysipelotrichia	0	240	67	149	340	205	175	138	38	121	16	92	89	160	430	66	21	238	6	912	18	30	7	16	313	26	64	47	113	67	210	267	53	407	493	252	435	65	309	7
Bacteria|Tenericutes|Mollicutes	0	502	51	0	0	0	3	0	0	0	0	0	0	0	0	0	0	0	0	0	0	15	0	2	0	0	0	763	0	0	0	0	0	0	0	0	0	549	0	0
Archaea|Euryarchaeota|Methanobacteria	0	0	18	0	0	0	0	0	0	5	0	3	0	0	0	0	0	0	12	0	376	11	0	0	0	0	0	4	0	0	0	0	0	0	0	0	0	3	0	0
Bacteria|Epsilonbacteraeota|Campylobacteria	0	0	0	8	0	0	3	0	0	0	0	0	0	192	0	2	0	0	0	98	0	0	0	0	0	0	0	65	2	0	0	0	2	22	0	0	0	0	0	0
Bacteria|Cyanobacteria|Oxyphotobacteria	0	0	2	0	20	0	2	0	0	0	63	2	0	2	0	0	5	15	0	10	0	0	3	2	11	0	0	0	0	0	0	49	0	74	3	5	0	0	63	0
Bacteria|Lentisphaerae|Lentisphaeria	0	0	42	6	0	64	0	0	0	36	0	0	0	0	0	0	0	0	0	0	0	0	0	0	0	0	0	0	0	0	0	0	0	0	25	182	0	5	0	0
Archaea|Euryarchaeota|Thermoplasmata	0	4	52	0	0	0	0	0	0	105	0	0	0	0	0	0	0	0	0	0	0	0	0	0	0	0	0	176	0	0	0	0	0	0	0	0	0	0	0	0
Bacteria|Synergistetes|Synergistia	0	0	0	0	0	0	0	0	0	13	0	0	0	0	0	0	0	0	0	0	0	8	0	0	0	0	0	4	0	0	0	0	0	0	0	0	0	2	0	0
Bacteria|Deferribacteres|Deferribacteres	0	0	0	0	0	0	3	0	0	0	0	0	0	0	0	0	0	0	0	0	0	0	0	0	0	0	0	0	0	0	0	0	0	0	0	0	0	0	0	0
Eukaryota|Incertae_Sedis|Incertae_Sedis_cl	0	0	0	0	2	0	0	0	0	0	0	0	0	0	0	0	0	0	0	0	0	0	0	0	0	0	0	0	0	0	0	0	0	0	0	0	0	0	0	0
Bacteria|Actinobacteria|Thermoleophilia	0	0	0	0	0	0	0	0	0	0	0	2	0	0	0	0	0	0	0	0	0	0	0	0	0	0	0	0	0	0	0	0	0	0	0	0	0	0	0	0
Bacteria|Bacteroidetes|Bacteroidia|Bacteroidales	12906	4022	22211	65364	30085	29900	38285	37746	19419	14377	21246	7276	23684	20960	4859	17341	17058	25836	19175	927	14341	12806	37480	35623	24528	35680	27656	25335	28408	26087	10238	40099	43465	19	36761	32129	35000	4119	34608	71626
Bacteria|Proteobacteria|Gammaproteobacteria|Enterobacteriales	33	0	574	685	539	205	6229	411	44	25	7	159	11	912	4047	575	2619	290	17	735	1353	148	500	1169	2356	0	22	14550	9	13	1035	3321	0	2003	16	7	0	3	70	1584
Bacteria|Firmicutes|Clostridia|Clostridiales	1364	5382	32736	14544	25827	22659	12635	25010	7410	17361	4187	12488	6868	7869	17997	5193	5485	9059	4194	33625	20898	13639	981	10733	30897	9231	14022	12636	12158	6862	18639	12987	14561	44769	23461	27879	11034	23538	21892	4430
Bacteria|Proteobacteria|Gammaproteobacteria|Betaproteobacteriales	231	65	773	1628	0	1576	9	8940	642	522	1175	81	1535	0	0	0	1231	1209	233	0	85	8	1429	46	1497	1228	2608	95	2565	2069	0	490	5	0	592	1675	2029	115	1148	590
Bacteria|Proteobacteria|Alphaproteobacteria|Rhodospirillales	0	0	2714	0	0	0	0	0	0	0	0	0	59	0	0	0	0	0	0	0	0	0	2	0	1825	0	2161	0	12609	0	0	492	0	0	0	0	0	0	0	0
Bacteria|Firmicutes|Negativicutes|Selenomonadales	113	228	402	174	605	506	470	745	1457	252	19	386	573	627	1123	198	1087	0	341	643	234	370	500	312	1228	1006	573	138	1073	759	9663	1395	444	2028	327	556	608	93	583	1098
Bacteria|Verrucomicrobia|Verrucomicrobiae|Verrucomicrobiales	0	656	168	7	48	1429	153	22	0	166	0	3	1466	0	0	0	1569	0	699	0	726	103	5	4	1462	2	124	75	0	419	7501	0	0	2	3200	310	0	0	0	210
Bacteria|Proteobacteria|Deltaproteobacteria|Desulfovibrionales	0	70	502	404	453	423	5	10	214	59	0	80	240	208	0	242	52	0	378	0	71	424	0	20	336	465	1170	210	312	85	0	0	462	0	590	152	431	106	419	0
Bacteria|Actinobacteria|Coriobacteriia|Coriobacteriales	0	0	3	29	454	18	136	0	9	59	18	15	2	49	0	12	10	4	56	16	1579	46	0	0	545	39	31	7	38	0	596	2	28	5	31	47	2	14	7	0
Bacteria|Actinobacteria|Actinobacteria|Bifidobacteriales	2	14	16	39	0	0	2104	56	0	79	0	4	0	396	0	55	3	10	63	15	49	488	7	0	187	13	7	0	70	0	0	0	65	54	0	156	98	41	0	0
Bacteria|Cyanobacteria|Melainabacteria|Gastranaerophilales	0	0	740	0	0	148	0	0	0	0	0	0	0	0	0	0	0	0	0	0	0	0	0	0	0	0	1444	0	0	0	0	0	0	0	0	0	2357	226	0	0
Bacteria|Firmicutes|Bacilli|Lactobacillales	0	144	8	74	50	16	77	56	6	591	69	2	17	140	1019	43	302	30	9	75	754	13	143	19	1579	9	0	1283	0	0	312	292	22	34	95	55	10	15	37	304
Bacteria|Proteobacteria|Gammaproteobacteria|Pasteurellales	0	4	0	139	0	0	0	12	2	4	0	0	0	10	0	19	10	0	0	50	0	9	4	0	0	2	9	0	14	3	12	10	54	634	23	81	6	9	176	402
Bacteria|Fusobacteria|Fusobacteriia|Fusobacteriales	0	0	0	35	0	6	0	8	0	0	28	10	0	0	0	4	0	4	0	233	16	16	2062	0	0	0	0	0	989	0	0	2	2	68	0	5	4	0	0	0
Bacteria|Firmicutes|Erysipelotrichia|Erysipelotrichales	0	240	67	149	340	205	175	138	38	121	16	92	89	160	430	66	21	238	6	912	18	30	7	16	313	26	64	47	113	67	210	267	53	407	493	252	435	65	309	7
Bacteria|Tenericutes|Mollicutes|Mollicutes_RF39	0	5	10	0	0	0	3	0	0	0	0	0	0	0	0	0	0	0	0	0	0	15	0	2	0	0	0	714	0	0	0	0	0	0	0	0	0	497	0	0
Bacteria|Tenericutes|Mollicutes|Izimaplasmatales	0	497	41	0	0	0	0	0	0	0	0	0	0	0	0	0	0	0	0	0	0	0	0	0	0	0	0	49	0	0	0	0	0	0	0	0	0	52	0	0
Archaea|Euryarchaeota|Methanobacteria|Methanobacteriales	0	0	18	0	0	0	0	0	0	5	0	3	0	0	0	0	0	0	12	0	376	11	0	0	0	0	0	4	0	0	0	0	0	0	0	0	0	3	0	0
Bacteria|Epsilonbacteraeota|Campylobacteria|Campylobacterales	0	0	0	8	0	0	3	0	0	0	0	0	0	192	0	2	0	0	0	98	0	0	0	0	0	0	0	65	2	0	0	0	2	22	0	0	0	0	0	0
Bacteria|Proteobacteria|Gammaproteobacteria|Pseudomonadales	0	0	4	3	9	5	20	11	0	0	0	0	11	0	0	0	0	0	0	0	0	7	0	0	0	0	0	211	0	0	0	3	0	0	0	2	3	0	0	0
Bacteria|Cyanobacteria|Oxyphotobacteria|Chloroplast	0	0	2	0	20	0	2	0	0	0	63	2	0	2	0	0	5	15	0	10	0	0	3	2	11	0	0	0	0	0	0	49	0	74	3	5	0	0	63	0
Bacteria|Lentisphaerae|Lentisphaeria|Victivallales	0	0	42	6	0	64	0	0	0	36	0	0	0	0	0	0	0	0	0	0	0	0	0	0	0	0	0	0	0	0	0	0	0	0	25	182	0	5	0	0
Archaea|Euryarchaeota|Thermoplasmata|Methanomassiliicoccales	0	4	52	0	0	0	0	0	0	105	0	0	0	0	0	0	0	0	0	0	0	0	0	0	0	0	0	176	0	0	0	0	0	0	0	0	0	0	0	0
Bacteria|Bacteroidetes|Bacteroidia|Flavobacteriales	0	0	90	0	0	0	0	0	0	0	0	0	0	0	0	0	0	0	0	0	0	0	0	0	0	0	0	0	0	0	0	0	0	0	0	3	0	0	0	0
Bacteria|Firmicutes|Bacilli|Bacillales	0	0	3	0	8	2	4	2	0	0	0	0	0	3	0	0	0	0	0	0	21	0	0	0	48	5	0	0	0	3	7	4	7	7	0	4	5	2	4	5
Bacteria|Actinobacteria|Actinobacteria|Micrococcales	0	0	0	2	0	0	0	0	0	0	0	3	0	0	0	0	0	0	0	0	67	0	0	0	0	0	0	0	0	0	0	0	0	4	6	3	0	0	0	0
Bacteria|Verrucomicrobia|Verrucomicrobiae|Opitutales	0	0	0	0	38	0	0	0	0	8	0	0	0	0	0	0	0	0	0	0	0	0	0	0	0	0	0	0	0	0	0	0	0	0	0	0	0	0	0	0
Bacteria|Actinobacteria|Actinobacteria|Actinomycetales	0	0	4	0	5	0	0	3	2	0	0	0	0	10	2	0	0	0	0	6	22	0	0	0	0	0	0	0	0	0	10	2	0	7	0	0	0	0	4	5
Bacteria|Firmicutes|Clostridia|DTU014	0	0	6	0	0	0	0	0	0	0	0	3	0	0	0	0	0	0	0	0	0	0	0	0	21	0	9	0	0	0	0	0	0	0	0	0	0	0	0	0
Bacteria|Synergistetes|Synergistia|Synergistales	0	0	0	0	0	0	0	0	0	13	0	0	0	0	0	0	0	0	0	0	0	8	0	0	0	0	0	4	0	0	0	0	0	0	0	0	0	2	0	0
Bacteria|Proteobacteria|Alphaproteobacteria|Rickettsiales	0	0	0	0	4	0	0	0	0	0	0	0	0	0	0	0	0	4	0	0	0	0	3	0	2	0	0	0	0	0	0	2	0	20	0	0	0	0	15	0
Bacteria|Actinobacteria|Actinobacteria|Corynebacteriales	0	0	3	4	3	0	12	3	0	0	0	0	0	0	0	0	0	0	0	0	6	0	0	0	0	0	0	0	0	0	0	0	0	0	0	0	0	0	0	0
Bacteria|Proteobacteria|Alphaproteobacteria|Rhizobiales	0	0	0	0	0	0	2	2	0	0	0	0	4	0	0	0	0	0	0	0	0	0	0	0	0	0	0	0	0	0	0	0	0	0	0	0	0	0	0	0
Bacteria|Deferribacteres|Deferribacteres|Deferribacterales	0	0	0	0	0	0	3	0	0	0	0	0	0	0	0	0	0	0	0	0	0	0	0	0	0	0	0	0	0	0	0	0	0	0	0	0	0	0	0	0
Bacteria|Bacteroidetes|Bacteroidia|Sphingobacteriales	0	0	0	0	0	0	0	0	0	0	0	0	3	0	0	0	0	0	0	0	0	0	0	0	0	0	0	0	0	0	0	0	0	0	0	0	0	0	0	0
Eukaryota|Incertae_Sedis|Incertae_Sedis_cl|Incertae_Sedis_or	0	0	0	0	2	0	0	0	0	0	0	0	0	0	0	0	0	0	0	0	0	0	0	0	0	0	0	0	0	0	0	0	0	0	0	0	0	0	0	0
Bacteria|Actinobacteria|Thermoleophilia|Solirubrobacterales	0	0	0	0	0	0	0	0	0	0	0	2	0	0	0	0	0	0	0	0	0	0	0	0	0	0	0	0	0	0	0	0	0	0	0	0	0	0	0	0
Bacteria|Proteobacteria|Gammaproteobacteria|Aeromonadales	0	0	0	0	0	0	0	0	0	0	0	0	0	0	0	0	0	0	0	0	0	0	0	0	2	0	0	0	2	0	0	0	0	0	0	0	0	0	0	0
Bacteria|Bacteroidetes|Bacteroidia|Bacteroidales|Bacteroidaceae	3243	2806	8962	16008	23745	24862	37415	29927	17705	2571	19112	4857	18494	13404	50	17325	14781	19965	16077	160	4904	10076	32533	32152	17230	21031	22268	20575	24347	21158	7362	35042	36603	7	31525	23768	31967	876	25831	5367
Bacteria|Bacteroidetes|Bacteroidia|Bacteroidales|Prevotellaceae	8325	44	7	43384	4	7	9	10	0	1048	0	0	1111	4	162	3	0	0	48	761	2	70	0	5	2	11989	1182	0	83	2088	0	4	3	10	5	4	10	1153	0	65461
Bacteria|Bacteroidetes|Bacteroidia|Bacteroidales|Tannerellaceae	482	168	6087	1694	1615	876	826	6290	377	782	1729	0	1090	0	3	0	545	2403	394	2	8745	387	2450	2469	1223	820	1114	1175	561	980	2684	0	3927	0	183	331	1749	1039	6066	768
Bacteria|Proteobacteria|Gammaproteobacteria|Enterobacteriales|Enterobacteriaceae	33	0	574	685	539	205	6229	411	44	25	7	159	11	912	4047	575	2619	290	17	735	1353	148	500	1169	2356	0	22	14550	9	13	1035	3321	0	2003	16	7	0	3	70	1584
Bacteria|Firmicutes|Clostridia|Clostridiales|Ruminococcaceae	468	3718	20760	7051	20217	10109	3031	13851	2858	14434	537	5742	3780	2570	12143	1034	1816	3870	2599	14445	11915	8270	180	7214	18643	4972	10158	8048	7554	3132	4263	9955	6860	5553	10797	19105	7891	9610	12918	2222
Bacteria|Bacteroidetes|Bacteroidia|Bacteroidales|Rikenellaceae	758	724	6510	2348	4410	3511	13	734	836	9676	315	2136	2321	7508	0	0	1649	1750	1806	2	567	871	2488	135	3429	1532	2519	3239	2324	1036	192	5048	1763	0	4897	6910	897	684	2517	28
Bacteria|Proteobacteria|Gammaproteobacteria|Betaproteobacteriales|Burkholderiaceae	231	65	773	1619	0	1576	9	8940	642	522	1175	81	1535	0	0	0	1231	1209	233	0	85	6	1429	46	1497	1228	2608	95	2565	2069	0	483	0	0	587	1670	2029	115	1148	590
Bacteria|Firmicutes|Clostridia|Clostridiales|Lachnospiraceae	896	911	10081	7341	5367	12326	8404	11095	4499	2286	3637	3369	2888	4799	5575	4084	3636	5164	1369	17967	2451	4644	799	3507	10568	3734	3477	3117	4521	3720	13006	2517	7693	36799	12089	7795	3084	12629	8325	2048
Bacteria|Firmicutes|Negativicutes|Selenomonadales|Veillonellaceae	67	3	392	27	5	3	450	732	1457	26	19	0	17	627	1123	198	90	0	341	643	112	25	127	0	3	38	512	7	12	759	9663	2	18	2028	327	556	177	50	13	1096
Bacteria|Verrucomicrobia|Verrucomicrobiae|Verrucomicrobiales|Akkermansiaceae	0	656	168	7	48	1429	153	22	0	166	0	3	1466	0	0	0	1569	0	699	0	726	103	5	4	1462	2	124	75	0	419	7501	0	0	2	3200	310	0	0	0	210
Bacteria|Firmicutes|Negativicutes|Selenomonadales|Acidaminococcaceae	46	225	10	147	600	503	20	13	0	226	0	386	556	0	0	0	997	0	0	0	122	345	373	312	1225	968	61	131	1061	0	0	1393	426	0	0	0	431	43	570	2
Bacteria|Firmicutes|Clostridia|Clostridiales|Clostridiaceae_1	0	62	5	0	2	0	0	38	0	5	0	18	42	61	11	12	3	0	42	418	6318	34	0	12	327	156	20	17	0	0	86	0	0	1751	271	77	0	6	3	3
Bacteria|Bacteroidetes|Bacteroidia|Bacteroidales|Dysgonomonadaceae	0	0	0	0	0	5	6	4	0	0	0	0	0	26	4641	0	0	0	0	0	0	0	0	0	0	0	0	0	0	0	0	0	0	0	0	0	0	0	0	0
Bacteria|Proteobacteria|Deltaproteobacteria|Desulfovibrionales|Desulfovibrionaceae	0	70	502	404	453	423	5	10	214	59	0	80	240	208	0	242	52	0	378	0	71	424	0	20	336	465	1170	210	312	85	0	0	462	0	590	152	431	106	419	0
Bacteria|Firmicutes|Clostridia|Clostridiales|Christensenellaceae	0	197	766	58	30	28	4	6	27	66	0	3176	5	70	0	0	0	11	8	436	0	481	0	0	641	73	55	458	0	0	96	403	2	0	89	175	2	775	393	0
Bacteria|Bacteroidetes|Bacteroidia|Bacteroidales|Marinifilaceae	98	36	407	677	68	626	0	770	259	129	90	283	0	0	0	0	83	185	60	0	46	202	0	0	334	291	171	317	100	445	0	0	0	0	118	414	184	42	178	0
Bacteria|Bacteroidetes|Bacteroidia|Bacteroidales|Barnesiellaceae	0	229	0	1244	2	0	6	0	196	167	0	0	636	0	0	0	0	1529	21	0	53	944	0	853	2295	0	0	0	970	344	0	0	1169	0	0	0	193	74	0	0
Bacteria|Actinobacteria|Coriobacteriia|Coriobacteriales|Coriobacteriaceae	0	0	3	18	328	10	127	0	0	9	0	8	0	0	0	0	10	0	44	0	1425	22	0	0	224	26	13	5	30	0	508	0	17	0	0	20	0	11	0	0
Bacteria|Actinobacteria|Actinobacteria|Bifidobacteriales|Bifidobacteriaceae	2	14	16	39	0	0	2104	56	0	79	0	4	0	396	0	55	3	10	63	15	49	488	7	0	187	13	7	0	70	0	0	0	65	54	0	156	98	41	0	0
Bacteria|Firmicutes|Clostridia|Clostridiales|Peptostreptococcaceae	0	0	0	35	9	3	1105	0	0	4	13	0	134	161	265	33	30	0	91	195	136	23	0	0	260	185	11	7	18	8	1154	101	2	659	0	269	21	4	166	157
Bacteria|Firmicutes|Bacilli|Lactobacillales|Streptococcaceae	0	129	4	68	44	10	66	45	4	32	69	2	12	129	11	21	75	24	9	60	559	3	77	7	1470	9	0	1280	0	0	267	292	19	31	92	49	8	15	37	304
Bacteria|Proteobacteria|Gammaproteobacteria|Pasteurellales|Pasteurellaceae	0	4	0	139	0	0	0	12	2	4	0	0	0	10	0	19	10	0	0	50	0	9	4	0	0	2	9	0	14	3	12	10	54	634	23	81	6	9	176	402
Bacteria|Fusobacteria|Fusobacteriia|Fusobacteriales|Fusobacteriaceae	0	0	0	35	0	6	0	8	0	0	28	10	0	0	0	4	0	4	0	233	16	16	2062	0	0	0	0	0	989	0	0	0	2	68	0	5	4	0	0	0
Bacteria|Firmicutes|Erysipelotrichia|Erysipelotrichales|Erysipelotrichaceae	0	240	67	149	340	205	175	138	38	121	16	92	89	160	430	66	21	238	6	912	18	30	7	16	313	26	64	47	113	67	210	267	53	407	493	252	435	65	309	7
Bacteria|Firmicutes|Clostridia|Clostridiales|Clostridiales_vadinBB60_group	0	442	755	7	0	18	0	0	5	139	0	77	11	5	0	30	0	0	0	0	0	33	0	0	193	16	105	211	0	0	0	0	0	0	5	323	0	111	65	0
Bacteria|Firmicutes|Bacilli|Lactobacillales|Lactobacillaceae	0	15	4	2	3	6	9	11	2	420	0	0	5	5	998	0	224	0	0	2	56	10	50	12	100	0	0	0	0	0	17	0	0	0	0	3	2	0	0	0
Bacteria|Bacteroidetes|Bacteroidia|Bacteroidales|Muribaculaceae	0	0	0	6	0	0	2	0	0	4	0	0	0	0	0	0	0	2	759	2	19	0	0	9	3	0	0	0	0	0	0	2	0	2	33	689	0	249	8	0
Archaea|Euryarchaeota|Methanobacteria|Methanobacteriales|Methanobacteriaceae	0	0	18	0	0	0	0	0	0	5	0	3	0	0	0	0	0	0	12	0	376	11	0	0	0	0	0	4	0	0	0	0	0	0	0	0	0	3	0	0
Bacteria|Actinobacteria|Coriobacteriia|Coriobacteriales|Coriobacteriales_Incertae_Sedis	0	0	0	11	43	0	2	0	4	28	0	3	0	0	0	4	0	0	4	0	20	24	0	0	234	0	18	0	8	0	0	0	0	0	14	19	0	0	0	0
Bacteria|Bacteroidetes|Bacteroidia|Bacteroidales|Porphyromonadaceae	0	0	0	0	3	4	8	0	0	0	0	0	32	0	3	0	0	0	0	0	0	253	2	0	0	0	0	0	20	0	0	3	0	0	0	0	0	0	0	0
Bacteria|Epsilonbacteraeota|Campylobacteria|Campylobacterales|Campylobacteraceae	0	0	0	8	0	0	3	0	0	0	0	0	0	192	0	2	0	0	0	98	0	0	0	0	0	0	0	0	2	0	0	0	2	22	0	0	0	0	0	0
Bacteria|Firmicutes|Clostridia|Clostridiales|Family_XIII	0	3	34	35	163	113	16	0	9	251	0	54	2	126	0	0	0	4	62	134	45	35	0	0	187	4	159	61	5	0	34	0	0	7	70	105	0	31	5	0
Bacteria|Actinobacteria|Coriobacteriia|Coriobacteriales|Eggerthellaceae	0	0	0	0	83	8	7	0	5	10	18	4	2	49	0	8	0	4	8	5	64	0	0	0	53	13	0	2	0	0	88	2	11	5	15	5	2	0	7	0
Bacteria|Proteobacteria|Gammaproteobacteria|Pseudomonadales|Pseudomonadaceae	0	0	0	0	5	5	11	7	0	0	0	0	0	0	0	0	0	0	0	0	0	7	0	0	0	0	0	211	0	0	0	3	0	0	0	2	3	0	0	0
Bacteria|Lentisphaerae|Lentisphaeria|Victivallales|vadinBE97	0	0	0	3	0	0	0	0	0	0	0	0	0	0	0	0	0	0	0	0	0	0	0	0	0	0	0	0	0	0	0	0	0	0	0	182	0	0	0	0
Archaea|Euryarchaeota|Thermoplasmata|Methanomassiliicoccales|Methanomethylophilaceae	0	0	0	0	0	0	0	0	0	105	0	0	0	0	0	0	0	0	0	0	0	0	0	0	0	0	0	176	0	0	0	0	0	0	0	0	0	0	0	0
Bacteria|Firmicutes|Bacilli|Lactobacillales|Leuconostocaceae	0	0	0	0	0	0	0	0	0	139	0	0	0	0	0	0	0	2	0	0	34	0	0	0	0	0	0	0	0	0	0	0	0	0	0	0	0	0	0	0
Bacteria|Firmicutes|Bacilli|Lactobacillales|Carnobacteriaceae	0	0	0	4	0	0	0	0	0	0	0	0	0	6	0	0	0	0	0	0	105	0	0	0	0	0	0	0	0	0	0	0	3	0	3	3	0	0	0	0
Bacteria|Firmicutes|Bacilli|Lactobacillales|Enterococcaceae	0	0	0	0	3	0	0	0	0	0	0	0	0	0	10	22	0	4	0	13	0	0	16	0	9	0	0	0	0	0	25	0	0	3	0	0	0	0	0	0
Bacteria|Firmicutes|Bacilli|Bacillales|Family_XI	0	0	0	0	3	0	0	2	0	0	0	0	0	3	0	0	0	0	0	0	21	0	0	0	8	5	0	0	0	3	7	4	7	7	0	4	5	2	4	5
Bacteria|Firmicutes|Clostridia|Clostridiales|Peptococcaceae	0	0	25	0	0	33	0	0	5	40	0	10	0	0	0	0	0	10	0	28	0	7	0	0	33	84	18	72	0	0	0	0	0	0	2	7	0	13	10	0
Bacteria|Firmicutes|Clostridia|Clostridiales|Family_XI	0	0	31	13	26	11	75	20	0	0	0	0	4	0	3	0	0	0	0	0	26	35	0	0	3	0	0	3	57	0	0	0	0	0	0	0	0	0	0	0
Bacteria|Actinobacteria|Coriobacteriia|Coriobacteriales|Atopobiaceae	0	0	0	0	0	0	0	0	0	0	0	0	0	0	0	0	0	0	0	11	70	0	0	0	0	0	0	0	0	0	0	0	0	0	0	0	0	0	0	0
Bacteria|Epsilonbacteraeota|Campylobacteria|Campylobacterales|Arcobacteraceae	0	0	0	0	0	0	0	0	0	0	0	0	0	0	0	0	0	0	0	0	0	0	0	0	0	0	0	65	0	0	0	0	0	0	0	0	0	0	0	0
Bacteria|Lentisphaerae|Lentisphaeria|Victivallales|Victivallaceae	0	0	0	3	0	64	0	0	0	36	0	0	0	0	0	0	0	0	0	0	0	0	0	0	0	0	0	0	0	0	0	0	0	0	25	0	0	5	0	0
Archaea|Euryarchaeota|Thermoplasmata|Methanomassiliicoccales|Methanomassiliicoccaceae	0	4	52	0	0	0	0	0	0	0	0	0	0	0	0	0	0	0	0	0	0	0	0	0	0	0	0	0	0	0	0	0	0	0	0	0	0	0	0	0
Bacteria|Firmicutes|Bacilli|Bacillales|Staphylococcaceae	0	0	3	0	5	2	4	0	0	0	0	0	0	0	0	0	0	0	0	0	0	0	0	0	40	0	0	0	0	0	0	0	0	0	0	0	0	0	0	0
Bacteria|Actinobacteria|Actinobacteria|Micrococcales|Micrococcaceae	0	0	0	0	0	0	0	0	0	0	0	3	0	0	0	0	0	0	0	0	67	0	0	0	0	0	0	0	0	0	0	0	0	4	6	3	0	0	0	0
Bacteria|Verrucomicrobia|Verrucomicrobiae|Opitutales|Puniceicoccaceae	0	0	0	0	38	0	0	0	0	8	0	0	0	0	0	0	0	0	0	0	0	0	0	0	0	0	0	0	0	0	0	0	0	0	0	0	0	0	0	0
Bacteria|Actinobacteria|Actinobacteria|Actinomycetales|Actinomycetaceae	0	0	4	0	5	0	0	3	2	0	0	0	0	10	2	0	0	0	0	6	22	0	0	0	0	0	0	0	0	0	10	2	0	7	0	0	0	0	4	5
Bacteria|Synergistetes|Synergistia|Synergistales|Synergistaceae	0	0	0	0	0	0	0	0	0	13	0	0	0	0	0	0	0	0	0	0	0	8	0	0	0	0	0	4	0	0	0	0	0	0	0	0	0	2	0	0
Bacteria|Proteobacteria|Alphaproteobacteria|Rickettsiales|Mitochondria	0	0	0	0	4	0	0	0	0	0	0	0	0	0	0	0	0	4	0	0	0	0	3	0	2	0	0	0	0	0	0	2	0	20	0	0	0	0	15	0
Bacteria|Proteobacteria|Gammaproteobacteria|Betaproteobacteriales|Neisseriaceae	0	0	0	9	0	0	0	0	0	0	0	0	0	0	0	0	0	0	0	0	0	2	0	0	0	0	0	0	0	0	0	7	5	0	5	5	0	0	0	0
Bacteria|Actinobacteria|Actinobacteria|Corynebacteriales|Corynebacteriaceae	0	0	3	4	3	0	12	3	0	0	0	0	0	0	0	0	0	0	0	0	6	0	0	0	0	0	0	0	0	0	0	0	0	0	0	0	0	0	0	0
Bacteria|Proteobacteria|Gammaproteobacteria|Pseudomonadales|Moraxellaceae	0	0	4	3	4	0	9	4	0	0	0	0	11	0	0	0	0	0	0	0	0	0	0	0	0	0	0	0	0	0	0	0	0	0	0	0	0	0	0	0
Bacteria|Firmicutes|Clostridia|Clostridiales|Eubacteriaceae	0	0	0	0	0	0	0	0	0	0	0	3	0	2	0	0	0	0	0	2	0	0	2	0	0	0	0	3	3	0	0	0	4	0	0	0	0	0	0	0
Bacteria|Firmicutes|Clostridia|Clostridiales|Defluviitaleaceae	0	0	0	0	0	0	0	0	0	3	0	0	0	0	0	0	0	0	0	0	0	0	0	0	0	2	0	0	0	0	0	0	0	0	0	0	0	5	0	0
Bacteria|Proteobacteria|Alphaproteobacteria|Rhizobiales|Beijerinckiaceae	0	0	0	0	0	0	0	0	0	0	0	0	4	0	0	0	0	0	0	0	0	0	0	0	0	0	0	0	0	0	0	0	0	0	0	0	0	0	0	0
Bacteria|Deferribacteres|Deferribacteres|Deferribacterales|Deferribacteraceae	0	0	0	0	0	0	3	0	0	0	0	0	0	0	0	0	0	0	0	0	0	0	0	0	0	0	0	0	0	0	0	0	0	0	0	0	0	0	0	0
Bacteria|Firmicutes|Bacilli|Lactobacillales|Aerococcaceae	0	0	0	0	0	0	0	0	0	0	0	0	0	0	0	0	0	0	0	0	0	0	0	0	0	0	0	0	0	0	3	0	0	0	0	0	0	0	0	0
Bacteria|Bacteroidetes|Bacteroidia|Flavobacteriales|Weeksellaceae	0	0	0	0	0	0	0	0	0	0	0	0	0	0	0	0	0	0	0	0	0	0	0	0	0	0	0	0	0	0	0	0	0	0	0	3	0	0	0	0
Bacteria|Actinobacteria|Actinobacteria|Micrococcales|Dermabacteraceae	0	0	0	2	0	0	0	0	0	0	0	0	0	0	0	0	0	0	0	0	0	0	0	0	0	0	0	0	0	0	0	0	0	0	0	0	0	0	0	0
Eukaryota|Incertae_Sedis|Incertae_Sedis_cl|Incertae_Sedis_or|Incertae_Sedis_fa	0	0	0	0	2	0	0	0	0	0	0	0	0	0	0	0	0	0	0	0	0	0	0	0	0	0	0	0	0	0	0	0	0	0	0	0	0	0	0	0
Bacteria|Proteobacteria|Alphaproteobacteria|Rhizobiales|Rhizobiaceae	0	0	0	0	0	0	2	2	0	0	0	0	0	0	0	0	0	0	0	0	0	0	0	0	0	0	0	0	0	0	0	0	0	0	0	0	0	0	0	0
Bacteria|Actinobacteria|Thermoleophilia|Solirubrobacterales|Solirubrobacteraceae	0	0	0	0	0	0	0	0	0	0	0	2	0	0	0	0	0	0	0	0	0	0	0	0	0	0	0	0	0	0	0	0	0	0	0	0	0	0	0	0
Bacteria|Proteobacteria|Gammaproteobacteria|Aeromonadales|Succinivibrionaceae	0	0	0	0	0	0	0	0	0	0	0	0	0	0	0	0	0	0	0	0	0	0	0	0	2	0	0	0	2	0	0	0	0	0	0	0	0	0	0	0
Bacteria|Fusobacteria|Fusobacteriia|Fusobacteriales|Leptotrichiaceae	0	0	0	0	0	0	0	0	0	0	0	0	0	0	0	0	0	0	0	0	0	0	0	0	0	0	0	0	0	0	0	2	0	0	0	0	0	0	0	0
Bacteria|Bacteroidetes|Bacteroidia|Bacteroidales|Bacteroidaceae|Bacteroides	3243	2806	8962	16008	23745	24862	37415	29927	17705	2571	19112	4857	18494	13404	50	17325	14781	19965	16077	160	4904	10076	32533	32152	17230	21031	22268	20575	24347	21158	7362	35042	36603	7	31525	23768	31967	876	25831	5367
Bacteria|Bacteroidetes|Bacteroidia|Bacteroidales|Prevotellaceae|Prevotella_9	8256	0	2	42562	0	5	4	0	0	956	0	0	0	0	0	0	0	0	0	0	0	0	0	2	0	5	0	0	0	0	0	2	0	4	0	2	0	1072	0	60639
Bacteria|Bacteroidetes|Bacteroidia|Bacteroidales|Tannerellaceae|Parabacteroides	482	168	6087	1694	1615	876	826	6290	377	782	1729	0	1090	0	3	0	545	2403	394	2	8745	387	2450	2469	1223	820	1114	1175	561	980	2684	0	3927	0	183	331	1749	1039	6066	768
Bacteria|Proteobacteria|Gammaproteobacteria|Enterobacteriales|Enterobacteriaceae|Escherichia|Shigella	31	0	426	540	378	155	5456	232	16	0	7	91	11	912	1574	428	1464	0	0	0	770	148	180	1169	527	0	20	14411	9	13	862	3321	0	1994	16	0	0	3	6	1363
Bacteria|Firmicutes|Clostridia|Clostridiales|Ruminococcaceae|Faecalibacterium	0	363	5843	1619	26	3555	44	5568	1073	4682	0	168	2002	4	5632	0	594	3026	624	419	2214	1537	0	1195	4958	2120	1510	1013	5340	868	106	806	3257	0	2894	4231	1477	3747	10111	1789
Bacteria|Bacteroidetes|Bacteroidia|Bacteroidales|Rikenellaceae|Alistipes	758	724	6510	2348	4410	3511	13	734	836	9642	315	2136	2321	7508	0	0	1649	1750	1806	2	567	871	2488	135	3429	1532	2519	3239	2324	1036	192	5048	1763	0	4897	6910	897	684	2517	28
Bacteria|Proteobacteria|Gammaproteobacteria|Betaproteobacteriales|Burkholderiaceae|Parasutterella	231	45	760	1615	0	1567	6	8917	637	11	1175	81	1535	0	0	0	1231	1209	233	0	85	0	1429	44	24	1012	387	60	2563	2066	0	0	0	0	42	661	18	14	1148	0
Bacteria|Firmicutes|Clostridia|Clostridiales|Ruminococcaceae|Subdoligranulum	107	129	2446	786	2626	866	27	250	0	713	0	982	80	0	1276	0	272	0	120	0	1519	1030	8	3161	1876	676	413	852	520	97	2632	615	589	0	514	1643	1338	568	250	0
Bacteria|Firmicutes|Clostridia|Clostridiales|Lachnospiraceae|Blautia	243	128	765	628	1018	869	2218	438	773	398	158	334	373	199	485	676	222	590	223	2246	1158	543	207	89	749	686	511	172	944	895	9663	428	2055	1510	2492	364	668	269	1461	307
Bacteria|Firmicutes|Negativicutes|Selenomonadales|Veillonellaceae|Dialister	67	0	392	0	5	3	433	703	1457	3	0	0	10	108	0	183	79	0	106	261	0	16	127	0	3	0	366	4	2	759	9357	2	0	314	322	532	166	45	0	110
Bacteria|Verrucomicrobia|Verrucomicrobiae|Verrucomicrobiales|Akkermansiaceae|Akkermansia	0	656	168	7	48	1429	153	22	0	166	0	3	1466	0	0	0	1569	0	699	0	726	103	5	4	1462	2	124	75	0	419	7501	0	0	2	3200	310	0	0	0	210
Bacteria|Firmicutes|Clostridia|Clostridiales|Ruminococcaceae|Ruminococcus_2	0	353	6	90	7583	357	8	215	0	376	0	344	0	0	0	0	180	0	169	1007	4476	244	0	0	0	145	0	102	261	82	1069	0	0	0	0	751	1116	38	377	0
Bacteria|Firmicutes|Clostridia|Clostridiales|Ruminococcaceae|Ruminiclostridium_6	0	0	4042	0	3377	0	7	2	180	225	0	91	7	0	0	0	0	0	63	14	15	33	0	0	703	104	5534	252	0	0	0	0	130	0	112	8	723	135	104	0
Bacteria|Firmicutes|Clostridia|Clostridiales|Ruminococcaceae|Flavonifractor	58	0	56	9	1544	48	1266	852	168	50	172	11	192	188	3464	112	38	218	110	521	13	14	56	633	37	131	62	11	366	141	6	1457	92	2196	68	86	102	14	53	320
Bacteria|Firmicutes|Clostridia|Clostridiales|Lachnospiraceae|Roseburia	41	40	1558	304	69	2294	36	456	205	68	0	264	393	378	224	796	283	1348	29	4841	65	338	0	0	939	255	922	104	134	169	8	23	0	8117	456	308	778	57	1042	193
Bacteria|Firmicutes|Clostridia|Clostridiales|Lachnospiraceae|Lachnoclostridium	22	53	770	825	1456	1389	2563	632	1466	158	2860	250	892	1152	1685	890	78	666	124	2687	34	116	434	1150	748	385	158	143	654	1025	1220	1088	1156	7087	3246	829	393	299	910	513
Bacteria|Bacteroidetes|Bacteroidia|Bacteroidales|Prevotellaceae|Prevotellaceae_NK3B31_group	0	0	0	0	0	0	0	0	0	0	0	0	0	0	0	0	0	0	0	0	0	0	0	0	0	11212	0	0	0	0	0	0	0	0	0	0	0	0	0	0
Bacteria|Firmicutes|Clostridia|Clostridiales|Lachnospiraceae|Agathobacter	217	145	507	476	89	3204	271	868	13	190	0	412	88	0	1778	0	2054	0	423	166	142	566	0	461	1232	314	597	424	719	325	107	0	510	0	986	1816	28	51	652	0
Bacteria|Firmicutes|Clostridia|Clostridiales|Lachnospiraceae|Herbinix	0	0	0	0	0	0	0	0	0	0	0	0	0	0	0	0	0	0	0	0	0	0	0	0	0	0	0	0	0	0	0	0	0	9377	0	0	0	0	0	0
Bacteria|Firmicutes|Clostridia|Clostridiales|Lachnospiraceae|Butyrivibrio	0	0	0	0	0	0	0	0	0	0	0	0	0	0	0	0	0	0	0	0	0	341	0	0	0	0	0	0	0	0	0	0	0	0	0	0	0	9220	0	0
Bacteria|Firmicutes|Clostridia|Clostridiales|Ruminococcaceae|Ruminococcaceae_UCG|005	0	129	1580	198	349	222	0	10	16	1109	0	735	3	130	0	0	77	0	24	1438	54	282	0	0	4187	57	67	879	3	12	0	0	0	0	119	210	44	1505	352	0
Bacteria|Firmicutes|Negativicutes|Selenomonadales|Acidaminococcaceae|Phascolarctobacterium	0	137	10	147	596	499	20	7	0	209	0	284	534	0	0	0	0	0	0	0	122	345	0	312	1225	431	0	131	1059	0	0	1393	426	0	0	0	0	43	570	0
Bacteria|Firmicutes|Clostridia|Clostridiales|Ruminococcaceae|Ruminococcaceae_UCG|002	0	152	1192	253	13	1662	5	1913	484	912	5	69	23	0	0	0	7	0	139	276	2960	1825	0	1126	930	185	19	1308	0	0	0	0	15	0	2886	2506	39	881	233	0
Bacteria|Firmicutes|Clostridia|Clostridiales|Lachnospiraceae|Fusicatenibacter	0	15	215	127	0	213	5	176	88	13	0	314	59	0	0	660	74	0	47	0	100	247	7	926	184	408	38	98	447	196	0	160	1241	0	187	417	373	169	427	21
Bacteria|Proteobacteria|Gammaproteobacteria|Enterobacteriales|Enterobacteriaceae|Klebsiella	0	0	98	139	105	39	207	135	28	25	0	66	0	0	1111	26	1148	253	0	366	581	0	104	0	1829	0	0	125	0	0	173	0	0	0	0	7	0	0	49	221
Bacteria|Firmicutes|Clostridia|Clostridiales|Ruminococcaceae|Ruminococcaceae_NK4A214_group	64	36	553	83	0	812	7	0	0	579	0	374	0	0	0	0	256	0	314	6476	19	258	0	0	724	0	107	379	0	12	0	0	0	0	166	815	51	365	78	0
Bacteria|Firmicutes|Clostridia|Clostridiales|Ruminococcaceae|Ruminococcaceae_UCG|003	117	0	313	635	0	786	0	1142	0	84	0	7	156	0	0	0	0	16	88	0	2	282	0	518	943	241	0	231	0	0	0	441	0	0	0	552	0	146	286	0
Bacteria|Firmicutes|Clostridia|Clostridiales|Clostridiaceae_1|Clostridium_sensu_stricto_1	0	62	5	0	2	0	0	4	0	3	0	18	42	61	11	12	3	0	42	61	6318	31	0	12	324	156	16	9	0	0	86	0	0	1747	271	77	0	6	3	3
Bacteria|Firmicutes|Clostridia|Clostridiales|Ruminococcaceae|Oscillibacter	10	0	200	29	851	86	2	140	186	50	135	5	64	9	0	142	80	114	224	67	4	60	65	274	724	333	199	67	181	224	0	758	131	428	421	218	121	22	106	0
Bacteria|Firmicutes|Clostridia|Clostridiales|Lachnospiraceae|Lachnospiraceae_NK4A136_group	14	25	1435	1309	3	1451	0	422	49	232	61	156	86	95	26	106	22	333	27	378	9	535	0	51	1221	83	5	326	86	29	0	293	106	0	1128	778	200	440	772	72
Bacteria|Bacteroidetes|Bacteroidia|Bacteroidales|Prevotellaceae|Alloprevotella	0	0	0	0	0	0	0	0	0	0	0	0	0	0	0	0	0	0	0	0	0	0	0	0	2	2	1174	0	0	0	0	0	0	0	0	0	3	81	0	4818
Bacteria|Firmicutes|Clostridia|Clostridiales|Ruminococcaceae|Ruminococcus_1	19	67	147	221	214	570	26	0	19	642	0	62	0	0	29	240	81	0	0	1723	0	623	0	0	16	15	13	40	0	0	66	0	0	0	412	3739	137	39	0	0
Bacteria|Firmicutes|Clostridia|Clostridiales|Lachnospiraceae|Lachnospira	20	163	450	663	0	308	35	1479	16	329	0	219	49	27	152	0	282	199	15	403	53	406	0	293	1534	100	324	134	109	19	119	0	1579	0	425	1530	160	155	513	217
Bacteria|Bacteroidetes|Bacteroidia|Bacteroidales|Dysgonomonadaceae|Dysgonomonas	0	0	0	0	0	5	6	4	0	0	0	0	0	26	4641	0	0	0	0	0	0	0	0	0	0	0	0	0	0	0	0	0	0	0	0	0	0	0	0	0
Bacteria|Proteobacteria|Deltaproteobacteria|Desulfovibrionales|Desulfovibrionaceae|Bilophila	0	51	88	404	0	418	5	0	207	42	0	23	240	208	0	193	13	0	378	0	0	357	0	20	166	465	358	113	312	0	0	0	462	0	381	152	158	57	356	0
Bacteria|Firmicutes|Clostridia|Clostridiales|Lachnospiraceae|Lachnospiraceae_UCG|004	146	0	180	687	0	211	0	2223	0	8	0	0	227	0	0	0	95	800	0	109	10	34	0	0	195	100	273	14	67	228	0	7	0	0	177	167	0	76	715	561
Bacteria|Proteobacteria|Gammaproteobacteria|Betaproteobacteriales|Burkholderiaceae|Sutterella	0	20	0	0	0	0	3	21	0	509	0	0	0	0	0	0	0	0	0	0	0	0	0	0	1448	216	2213	22	2	0	0	483	0	0	536	1009	1999	97	0	590
Bacteria|Bacteroidetes|Bacteroidia|Bacteroidales|Marinifilaceae|Odoribacter	98	36	315	381	0	157	0	770	259	58	90	58	0	0	0	0	83	185	60	0	46	202	0	0	175	112	171	317	100	36	0	0	0	0	118	215	184	18	178	0
Bacteria|Firmicutes|Clostridia|Clostridiales|Ruminococcaceae|UBA1819	0	0	27	6	416	43	121	19	35	26	43	168	57	251	127	84	8	17	117	506	130	62	3	0	96	40	30	75	15	20	23	93	66	641	236	57	72	7	49	13
Bacteria|Firmicutes|Clostridia|Clostridiales|Lachnospiraceae|Eisenbergiella	0	0	4	0	133	0	48	6	0	0	15	144	0	370	0	9	0	0	0	269	8	22	0	4	94	0	0	0	17	0	436	101	40	1721	505	0	0	0	0	0
Bacteria|Firmicutes|Clostridia|Clostridiales|Ruminococcaceae|Ruminococcaceae_UCG|013	0	5	72	34	53	14	13	221	17	5	0	95	10	183	0	349	10	12	34	231	22	111	0	0	392	67	9	44	24	0	174	137	24	936	27	147	542	69	31	0
Bacteria|Bacteroidetes|Bacteroidia|Bacteroidales|Barnesiellaceae|Barnesiella	0	221	0	1231	0	0	6	0	0	140	0	0	636	0	0	0	0	1383	0	0	0	944	0	768	2295	0	0	0	853	0	0	0	0	0	0	0	0	74	0	0
Bacteria|Actinobacteria|Coriobacteriia|Coriobacteriales|Coriobacteriaceae|Collinsella	0	0	3	18	328	10	127	0	0	9	0	8	0	0	0	0	10	0	44	0	1425	22	0	0	224	26	13	5	30	0	508	0	17	0	0	20	0	11	0	0
Bacteria|Firmicutes|Clostridia|Clostridiales|Lachnospiraceae|Lachnoclostridium_10	0	0	0	0	0	0	0	0	0	0	0	0	0	0	0	0	0	0	0	0	0	0	0	0	0	0	0	0	0	0	0	0	0	2651	0	0	0	0	0	0
Bacteria|Firmicutes|Clostridia|Clostridiales|Lachnospiraceae|Tyzzerella	0	3	0	0	0	0	90	1436	0	5	0	17	10	9	327	17	0	202	0	527	0	0	0	14	519	36	0	0	65	14	4	0	17	0	59	0	0	0	10	0
Bacteria|Firmicutes|Negativicutes|Selenomonadales|Acidaminococcaceae|Acidaminococcus	46	88	0	0	4	4	0	6	0	17	0	102	22	0	0	0	997	0	0	0	0	0	373	0	0	537	61	0	0	0	0	0	0	0	0	0	431	0	0	2
Bacteria|Firmicutes|Clostridia|Clostridiales|Ruminococcaceae|Ruminiclostridium_9	18	3	230	69	254	274	0	94	187	78	71	89	268	76	99	0	93	210	231	145	39	64	5	0	176	174	94	68	255	177	6	300	355	0	434	90	165	26	88	0
Bacteria|Firmicutes|Clostridia|Clostridiales|Ruminococcaceae|Ruminococcaceae_UCG|014	0	2144	1492	2420	3	0	4	0	0	2242	0	41	0	0	0	0	0	0	0	0	0	220	0	0	0	0	890	80	0	2	0	0	0	0	0	605	516	462	433	0
Bacteria|Actinobacteria|Actinobacteria|Bifidobacteriales|Bifidobacteriaceae|Bifidobacterium	2	14	16	39	0	0	2104	54	0	79	0	4	0	396	0	55	3	10	63	15	44	485	7	0	187	13	7	0	70	0	0	0	61	52	0	156	98	41	0	0
Bacteria|Firmicutes|Clostridia|Clostridiales|Lachnospiraceae|Dorea	3	34	107	242	0	156	0	290	0	47	0	38	71	0	101	0	0	0	84	6	14	149	19	172	521	279	74	61	18	0	0	0	30	0	39	218	0	87	257	0
Bacteria|Firmicutes|Clostridia|Clostridiales|Peptostreptococcaceae|Intestinibacter	0	0	0	0	0	3	848	0	0	0	0	0	106	143	61	0	0	0	7	174	8	0	0	0	190	23	11	0	0	4	196	0	2	344	0	70	21	0	22	0
Bacteria|Bacteroidetes|Bacteroidia|Bacteroidales|Barnesiellaceae|Coprobacter	0	8	0	13	2	0	0	0	196	0	0	0	0	0	0	0	0	146	21	0	53	0	0	85	0	0	0	0	117	344	0	0	1169	0	0	0	193	0	0	0
Bacteria|Firmicutes|Clostridia|Clostridiales|Lachnospiraceae|UC5|1|2E3	0	0	184	431	0	253	0	0	8	31	0	28	54	0	0	0	0	303	84	0	0	0	0	0	483	131	0	79	237	0	0	0	0	0	60	18	0	0	50	0
Bacteria|Firmicutes|Clostridia|Clostridiales|Lachnospiraceae|Hungatella	0	0	5	0	92	26	55	33	5	8	55	38	0	1066	215	559	17	51	0	814	0	88	0	0	76	8	29	35	0	17	0	0	17	329	114	12	0	0	0	0
Bacteria|Firmicutes|Clostridia|Clostridiales|Ruminococcaceae|DTU089	0	7	17	2	123	3	177	0	7	101	0	4	6	233	10	0	3	0	18	38	10	14	0	0	0	4	198	13	12	22	3	1342	0	0	48	33	0	18	0	0
Bacteria|Firmicutes|Clostridia|Clostridiales|Lachnospiraceae|Anaerostipes	0	4	33	39	27	67	188	21	118	90	47	59	33	617	0	71	9	10	15	20	150	172	60	0	115	30	76	0	9	144	16	4	225	116	166	71	15	79	100	9
Bacteria|Firmicutes|Clostridia|Clostridiales|Ruminococcaceae|Intestinimonas	0	18	372	32	903	194	0	275	56	87	32	6	82	0	81	0	14	89	45	19	0	77	4	78	261	57	101	88	117	124	0	914	119	494	185	192	87	53	23	0
Bacteria|Firmicutes|Clostridia|Clostridiales|Ruminococcaceae|Ruminiclostridium_5	30	56	52	49	168	78	531	20	68	166	18	55	35	246	70	46	18	17	51	44	112	87	20	19	575	41	41	90	79	9	117	1354	55	142	57	178	11	196	76	0
Bacteria|Firmicutes|Clostridia|Clostridiales|Lachnospiraceae|Cellulosilyticum	0	0	0	0	0	0	0	0	0	0	0	0	0	0	0	0	0	0	0	0	0	0	0	0	0	0	0	0	0	0	0	0	0	2074	0	0	0	0	0	0
Bacteria|Firmicutes|Clostridia|Clostridiales|Lachnospiraceae|Coprococcus_2	0	0	1560	0	0	0	0	0	0	0	0	0	0	0	0	0	39	0	0	2	0	0	0	0	0	0	0	0	0	0	0	0	0	0	0	0	0	853	0	0
Bacteria|Firmicutes|Clostridia|Clostridiales|Peptostreptococcaceae|Romboutsia	0	0	0	35	9	0	21	0	0	4	0	0	22	18	0	0	30	0	67	18	128	11	0	0	64	101	0	0	15	4	642	0	0	279	0	100	0	4	144	157
Bacteria|Firmicutes|Bacilli|Lactobacillales|Streptococcaceae|Streptococcus	0	129	4	68	38	10	57	38	4	32	69	2	12	127	11	21	75	24	7	60	559	3	75	7	146	9	0	1280	0	0	248	292	19	26	86	49	8	15	33	304
Bacteria|Firmicutes|Negativicutes|Selenomonadales|Veillonellaceae|Megasphaera	0	0	0	0	0	0	0	0	0	17	0	0	0	515	0	0	0	0	233	0	0	0	0	0	0	33	146	0	0	0	0	0	0	0	0	0	0	0	0	699
Bacteria|Proteobacteria|Gammaproteobacteria|Pasteurellales|Pasteurellaceae|Haemophilus	0	2	0	123	0	0	0	12	2	4	0	0	0	10	0	19	10	0	0	50	0	9	4	0	0	2	9	0	14	3	12	10	54	513	23	65	6	9	176	372
Bacteria|Fusobacteria|Fusobacteriia|Fusobacteriales|Fusobacteriaceae|Fusobacterium	0	0	0	35	0	6	0	8	0	0	28	10	0	0	0	4	0	4	0	233	16	16	2054	0	0	0	0	0	986	0	0	0	2	68	0	5	4	0	0	0
Bacteria|Firmicutes|Clostridia|Clostridiales|Lachnospiraceae|Lachnospiraceae_ND3007_group	0	0	47	77	48	35	0	0	8	27	0	21	39	0	0	0	33	0	6	747	25	0	0	0	47	32	0	19	0	12	6	0	0	0	0	116	0	96	0	0
Bacteria|Firmicutes|Bacilli|Lactobacillales|Streptococcaceae|Lactococcus	0	0	0	0	6	0	9	7	0	0	0	0	0	2	0	0	0	0	2	0	0	0	2	0	1306	0	0	0	0	0	19	0	0	5	6	0	0	0	4	0
Bacteria|Proteobacteria|Gammaproteobacteria|Enterobacteriales|Enterobacteriaceae|Providencia	0	0	0	0	0	0	0	0	0	0	0	0	0	0	1338	0	0	0	0	0	0	0	0	0	0	0	0	0	0	0	0	0	0	0	0	0	0	0	0	0
Bacteria|Firmicutes|Clostridia|Clostridiales|Lachnospiraceae|Coprococcus_3	0	0	0	68	151	190	224	0	0	72	0	0	18	7	0	0	57	0	105	0	165	94	0	0	110	106	26	8	83	0	0	0	187	0	0	102	0	33	44	0
Bacteria|Bacteroidetes|Bacteroidia|Bacteroidales|Prevotellaceae|Prevotella_7	0	0	0	0	0	0	0	0	0	92	0	0	0	0	0	0	0	0	0	699	0	0	0	0	0	0	0	0	0	1204	0	2	3	3	5	0	7	0	0	0
Bacteria|Firmicutes|Erysipelotrichia|Erysipelotrichales|Erysipelotrichaceae|Erysipelotrichaceae_UCG|003	0	10	57	112	0	84	4	3	0	0	0	29	0	0	221	0	12	199	0	0	10	0	0	0	0	0	0	0	0	0	0	0	0	0	273	34	39	32	143	0
Bacteria|Proteobacteria|Deltaproteobacteria|Desulfovibrionales|Desulfovibrionaceae|Desulfovibrio	0	15	400	0	76	5	0	10	0	17	0	57	0	0	0	49	39	0	0	0	71	60	0	0	170	0	760	86	0	85	0	0	0	0	209	0	273	40	0	0
Bacteria|Firmicutes|Clostridia|Clostridiales|Ruminococcaceae|Negativibacillus	0	6	48	57	264	7	0	455	0	34	0	53	36	3	1091	0	0	0	32	0	0	0	0	16	64	0	66	50	0	0	0	84	177	0	393	197	227	4	4	0
Bacteria|Firmicutes|Clostridia|Clostridiales|Lachnospiraceae|Lachnospiraceae_UCG|010	0	4	88	225	151	35	0	61	27	32	0	15	90	0	0	0	60	18	18	120	34	139	0	0	56	88	10	16	294	49	0	0	0	0	108	24	16	44	10	5
Bacteria|Bacteroidetes|Bacteroidia|Bacteroidales|Prevotellaceae|Paraprevotella	0	44	0	822	4	0	2	3	0	0	0	0	1080	0	0	0	0	0	48	0	0	0	0	3	0	770	0	0	0	884	0	0	0	0	0	0	0	0	0	0
Bacteria|Firmicutes|Clostridia|Clostridiales|Lachnospiraceae|Lachnospiraceae_UCG|003	0	0	371	0	0	0	0	909	0	0	0	0	0	0	0	0	0	0	0	0	0	0	0	0	0	0	0	0	0	0	0	0	0	192	0	0	0	0	0	0
Bacteria|Firmicutes|Erysipelotrichia|Erysipelotrichales|Erysipelotrichaceae|Erysipelatoclostridium	0	0	0	16	110	6	58	37	0	0	16	0	3	17	91	30	2	11	2	448	6	0	0	4	182	7	3	0	14	11	112	77	17	95	56	7	0	0	7	7
Bacteria|Proteobacteria|Gammaproteobacteria|Enterobacteriales|Enterobacteriaceae|Citrobacter	0	0	0	0	0	0	147	0	0	0	0	0	0	0	0	106	0	0	10	360	0	0	212	0	0	0	0	0	0	0	0	0	0	9	0	0	0	0	0	0
Bacteria|Firmicutes|Clostridia|Clostridiales|Ruminococcaceae|Butyricicoccus	15	43	38	185	142	119	52	293	57	16	8	9	25	54	121	9	34	12	15	29	0	20	14	26	185	90	21	5	85	18	2	107	57	385	119	74	465	96	15	9
Bacteria|Firmicutes|Bacilli|Lactobacillales|Lactobacillaceae|Lactobacillus	0	15	4	2	3	6	9	11	2	420	0	0	5	3	998	0	224	0	0	2	56	10	50	12	100	0	0	0	0	0	9	0	0	0	0	3	2	0	0	0
Bacteria|Firmicutes|Negativicutes|Selenomonadales|Veillonellaceae|Veillonella	0	3	0	27	0	0	6	29	0	2	19	0	0	0	1006	9	11	0	2	6	110	9	0	0	0	0	0	3	10	0	303	0	6	306	5	24	11	3	13	79
Bacteria|Firmicutes|Clostridia|Clostridiales|Christensenellaceae|Christensenellaceae_R|7_group	0	162	397	58	5	0	4	4	13	41	0	74	0	25	0	0	0	0	2	436	0	23	0	0	461	67	44	359	0	0	96	363	0	0	17	135	0	637	391	0
Bacteria|Firmicutes|Clostridia|Clostridiales|Ruminococcaceae|Anaerotruncus	0	0	200	7	115	4	0	38	16	15	23	22	0	20	0	45	2	3	16	104	0	0	0	0	42	18	40	7	0	8	0	454	0	0	79	33	36	4	0	11
Bacteria|Firmicutes|Clostridia|Clostridiales|Ruminococcaceae|CAG|352	0	0	253	0	0	0	0	0	0	0	0	0	0	0	0	0	0	0	0	0	0	0	0	0	432	0	0	20	0	0	0	0	0	0	0	0	7	0	0	0
Bacteria|Firmicutes|Erysipelotrichia|Erysipelotrichales|Erysipelotrichaceae|Holdemania	0	0	10	11	0	44	23	54	23	17	0	7	49	0	0	29	3	0	2	161	0	4	0	12	35	2	50	29	28	27	0	44	24	0	97	0	36	0	19	0
Bacteria|Firmicutes|Negativicutes|Selenomonadales|Veillonellaceae|Anaerovibrio	0	0	0	0	0	0	0	0	0	0	0	0	0	0	0	0	0	0	0	0	0	0	0	0	0	0	0	0	0	0	0	0	0	595	0	0	0	0	0	0
Bacteria|Firmicutes|Clostridia|Clostridiales|Lachnospiraceae|CAG|56	0	10	0	132	0	0	0	144	0	0	0	13	0	0	0	0	0	0	0	0	0	0	0	40	49	0	0	0	0	0	0	0	35	0	0	0	0	67	144	0
Bacteria|Firmicutes|Clostridia|Clostridiales|Peptostreptococcaceae|Clostridioides	0	0	0	0	0	0	227	0	0	0	13	0	0	0	204	33	0	0	0	0	0	0	0	0	0	0	0	0	0	0	0	101	0	0	0	0	0	0	0	0
Bacteria|Firmicutes|Clostridia|Clostridiales|Lachnospiraceae|Lachnospiraceae_UCG|001	0	8	98	125	0	637	0	351	0	0	0	131	0	0	207	0	84	0	0	103	8	148	0	0	107	0	74	156	0	0	0	0	0	0	143	35	0	62	0	0
Bacteria|Firmicutes|Clostridia|Clostridiales|Peptostreptococcaceae|Terrisporobacter	0	0	0	0	0	0	0	0	0	0	0	0	6	0	0	0	0	0	17	3	0	0	0	0	6	58	0	7	0	0	314	0	0	20	0	99	0	0	0	0
Bacteria|Firmicutes|Clostridia|Clostridiales|Ruminococcaceae|Ruminococcaceae_UCG|004	0	4	22	0	47	25	0	0	24	20	0	48	6	0	0	5	19	11	12	0	0	30	5	0	90	11	11	16	12	11	0	50	10	0	35	49	16	0	18	8
Bacteria|Firmicutes|Erysipelotrichia|Erysipelotrichales|Erysipelotrichaceae|Candidatus_Stoquefichus	0	0	0	0	186	0	0	0	12	0	0	0	12	15	0	0	0	14	0	0	0	8	0	0	13	0	0	10	66	0	0	0	0	147	0	0	0	0	0	0
Bacteria|Firmicutes|Clostridia|Clostridiales|Ruminococcaceae|Fournierella	0	0	0	4	57	5	0	0	18	29	27	0	12	9	0	0	0	0	10	0	26	8	0	111	17	0	12	19	34	36	21	152	0	0	0	0	129	0	102	0
Bacteria|Firmicutes|Clostridia|Clostridiales|Lachnospiraceae|Coprococcus_1	0	11	5	36	0	0	0	15	0	82	0	0	0	0	0	0	19	0	0	0	0	14	0	6	77	5	0	0	0	0	0	0	0	125	0	30	0	7	33	0
Archaea|Euryarchaeota|Methanobacteria|Methanobacteriales|Methanobacteriaceae|Methanobrevibacter	0	0	18	0	0	0	0	0	0	5	0	3	0	0	0	0	0	0	10	0	376	11	0	0	0	0	0	4	0	0	0	0	0	0	0	0	0	3	0	0
Bacteria|Proteobacteria|Gammaproteobacteria|Enterobacteriales|Enterobacteriaceae|Proteus	0	0	27	6	27	5	319	28	0	0	0	0	0	0	0	15	0	0	0	0	0	0	0	0	0	0	0	0	0	0	0	0	0	0	0	0	0	0	0	0
Bacteria|Bacteroidetes|Bacteroidia|Bacteroidales|Marinifilaceae|Butyricimonas	0	0	92	283	68	469	0	0	0	71	0	225	0	0	0	0	0	0	0	0	0	0	0	0	159	179	0	0	0	409	0	0	0	0	0	199	0	24	0	0
Bacteria|Firmicutes|Clostridia|Clostridiales|Ruminococcaceae|Phocea	0	0	0	7	2	8	16	16	0	0	0	0	0	0	37	0	3	0	6	28	0	2	0	11	8	16	13	0	9	0	0	25	0	183	8	10	11	0	4	0
Bacteria|Firmicutes|Clostridia|Clostridiales|Ruminococcaceae|Oscillospira	0	0	22	14	0	19	0	0	41	17	0	0	57	0	0	0	0	0	0	0	13	52	0	21	5	111	10	16	0	0	0	0	0	0	3	24	0	59	59	0
Bacteria|Firmicutes|Clostridia|Clostridiales|Ruminococcaceae|Ruminococcaceae_UCG|010	0	14	184	0	0	60	0	0	36	167	0	169	0	0	0	0	0	0	0	0	17	291	0	0	0	0	0	230	0	0	0	0	0	0	89	333	4	240	0	0
Bacteria|Firmicutes|Erysipelotrichia|Erysipelotrichales|Erysipelotrichaceae|Faecalitalea	0	0	0	10	10	2	58	32	3	22	0	45	2	7	43	0	0	8	0	0	0	0	2	0	0	0	0	0	0	18	0	38	7	0	67	0	10	0	33	0
Bacteria|Firmicutes|Clostridia|Clostridiales|Lachnospiraceae|Tyzzerella_4	16	0	0	0	0	0	56	0	0	0	27	67	0	0	46	0	0	0	0	51	0	0	0	16	0	0	0	0	0	11	0	0	0	0	0	0	16	0	0	0
Bacteria|Firmicutes|Clostridia|Clostridiales|Clostridiaceae_1|Clostridium_sensu_stricto_13	0	0	0	0	0	0	0	0	0	0	0	0	0	0	0	0	0	0	0	270	0	0	0	0	0	0	0	8	0	0	0	0	0	0	0	0	0	0	0	0
Bacteria|Firmicutes|Clostridia|Clostridiales|Lachnospiraceae|GCA|900066575	0	0	5	21	11	12	0	0	0	4	0	11	0	0	0	0	0	2	0	5	2	2	0	195	39	0	0	0	15	0	0	0	8	0	5	8	0	13	31	0
Bacteria|Bacteroidetes|Bacteroidia|Bacteroidales|Porphyromonadaceae|Porphyromonas	0	0	0	0	3	4	8	0	0	0	0	0	32	0	3	0	0	0	0	0	0	253	2	0	0	0	0	0	20	0	0	3	0	0	0	0	0	0	0	0
Bacteria|Epsilonbacteraeota|Campylobacteria|Campylobacterales|Campylobacteraceae|Campylobacter	0	0	0	8	0	0	3	0	0	0	0	0	0	192	0	2	0	0	0	98	0	0	0	0	0	0	0	0	2	0	0	0	2	22	0	0	0	0	0	0
Bacteria|Firmicutes|Clostridia|Clostridiales|Family_XIII|Mogibacterium	0	0	0	0	0	106	0	0	0	0	0	0	0	0	0	0	0	0	55	0	36	2	0	0	0	0	0	0	2	0	0	0	0	0	0	72	0	0	0	0
Bacteria|Firmicutes|Erysipelotrichia|Erysipelotrichales|Erysipelotrichaceae|Holdemanella	0	226	0	0	0	0	0	0	0	0	0	0	0	0	0	0	0	0	0	0	0	0	0	0	0	0	0	0	0	0	0	82	0	0	0	0	66	0	0	0
Bacteria|Actinobacteria|Coriobacteriia|Coriobacteriales|Eggerthellaceae|Eggerthella	0	0	0	0	6	8	7	0	2	0	18	4	0	43	0	8	0	4	8	0	51	0	0	0	18	0	0	0	0	0	70	0	7	0	7	0	2	0	3	0
Bacteria|Proteobacteria|Gammaproteobacteria|Pseudomonadales|Pseudomonadaceae|Pseudomonas	0	0	0	0	5	5	9	2	0	0	0	0	0	0	0	0	0	0	0	0	0	7	0	0	0	0	0	211	0	0	0	3	0	0	0	0	3	0	0	0
Bacteria|Bacteroidetes|Bacteroidia|Bacteroidales|Prevotellaceae|Prevotella_6	0	0	3	0	0	0	0	0	0	0	0	0	3	0	158	0	0	0	0	0	0	0	0	0	0	0	0	0	78	0	0	0	0	0	0	0	0	0	0	4
Bacteria|Firmicutes|Clostridia|Clostridiales|Family_XIII|Family_XIII_AD3011_group	0	3	32	28	139	7	16	0	0	240	0	10	2	0	0	0	0	0	0	117	7	18	0	0	76	0	9	46	0	0	0	0	0	0	25	3	0	18	3	0
Bacteria|Firmicutes|Clostridia|Clostridiales|Lachnospiraceae|Sellimonas	0	0	0	0	0	5	9	15	5	0	7	0	0	38	0	0	0	3	3	27	32	0	0	0	4	0	0	0	37	25	85	0	0	41	12	5	7	0	0	0
Bacteria|Firmicutes|Clostridia|Clostridiales|Ruminococcaceae|Hydrogenoanaerobacterium	0	7	62	0	0	0	0	25	6	2	0	23	0	0	3	0	0	0	9	109	0	8	0	0	3	0	7	16	0	0	0	2	0	0	32	0	7	2	0	0
Bacteria|Firmicutes|Clostridia|Clostridiales|Lachnospiraceae|Lachnospiraceae_AC2044_group	0	0	168	0	0	0	0	0	0	0	0	0	0	0	0	0	0	0	0	0	0	0	0	0	0	0	0	0	0	0	0	0	0	0	0	0	0	16	0	0
Bacteria|Firmicutes|Clostridia|Clostridiales|Lachnospiraceae|Incertae_Sedis	0	0	0	0	0	0	0	0	0	0	0	0	0	0	0	0	0	0	0	0	0	0	0	0	0	0	0	0	0	0	0	0	0	0	252	0	0	0	0	0
Bacteria|Firmicutes|Erysipelotrichia|Erysipelotrichales|Erysipelotrichaceae|Catenibacterium	0	0	0	0	0	0	0	0	0	71	0	0	0	0	0	0	0	0	0	0	0	0	0	0	0	0	0	0	0	0	0	0	0	0	0	0	250	0	0	0
Archaea|Euryarchaeota|Thermoplasmata|Methanomassiliicoccales|Methanomethylophilaceae|Candidatus_Methanogranum	0	0	0	0	0	0	0	0	0	0	0	0	0	0	0	0	0	0	0	0	0	0	0	0	0	0	0	176	0	0	0	0	0	0	0	0	0	0	0	0
Bacteria|Firmicutes|Erysipelotrichia|Erysipelotrichales|Erysipelotrichaceae|Turicibacter	0	0	0	0	0	69	0	4	0	0	0	0	23	15	0	2	0	6	0	0	0	3	0	0	29	17	11	0	0	0	60	0	0	9	0	56	0	13	55	0
Bacteria|Firmicutes|Bacilli|Lactobacillales|Leuconostocaceae|Weissella	0	0	0	0	0	0	0	0	0	139	0	0	0	0	0	0	0	2	0	0	32	0	0	0	0	0	0	0	0	0	0	0	0	0	0	0	0	0	0	0
Bacteria|Firmicutes|Negativicutes|Selenomonadales|Veillonellaceae|Mitsuokella	0	0	0	0	0	0	0	0	0	0	0	0	0	0	0	0	0	0	0	0	0	0	0	0	0	0	0	0	0	0	0	0	0	0	0	0	0	0	0	206
Bacteria|Firmicutes|Clostridia|Clostridiales|Lachnospiraceae|Anaerosporobacter	0	0	0	0	0	0	0	0	0	0	0	0	0	0	0	0	0	0	0	11	0	0	0	0	0	0	0	0	0	0	0	0	0	0	0	0	239	0	0	0
Bacteria|Firmicutes|Clostridia|Clostridiales|Ruminococcaceae|Angelakisella	0	0	16	0	35	25	0	0	13	33	0	10	6	0	14	0	0	0	0	0	0	14	0	0	45	9	45	15	0	0	0	10	14	0	25	19	97	3	17	0
Bacteria|Firmicutes|Clostridia|Clostridiales|Ruminococcaceae|GCA|900066225	0	8	9	0	127	7	0	0	7	41	0	0	58	39	0	0	0	0	0	17	7	9	0	0	31	2	11	34	0	0	21	30	0	0	11	33	0	0	0	0
Bacteria|Firmicutes|Erysipelotrichia|Erysipelotrichales|Erysipelotrichaceae|Coprobacillus	0	0	0	0	0	0	21	0	0	0	0	4	0	0	0	0	0	0	0	0	0	0	0	0	14	0	0	0	0	0	0	3	0	93	0	0	2	0	0	0
Bacteria|Firmicutes|Clostridia|Clostridiales|Ruminococcaceae|Ruminiclostridium_1	0	8	26	0	0	0	0	0	0	14	0	91	0	0	0	0	0	0	0	0	0	36	0	0	0	0	0	0	0	0	0	0	0	0	0	0	0	0	0	0
Bacteria|Firmicutes|Erysipelotrichia|Erysipelotrichales|Erysipelotrichaceae|Erysipelotrichaceae_UCG|004	0	0	0	0	0	0	0	0	0	0	0	0	0	0	0	0	0	0	0	0	0	0	0	0	0	0	0	8	0	0	0	0	0	0	0	128	0	5	0	0
Bacteria|Firmicutes|Bacilli|Lactobacillales|Carnobacteriaceae|Granulicatella	0	0	0	4	0	0	0	0	0	0	0	0	0	6	0	0	0	0	0	0	105	0	0	0	0	0	0	0	0	0	0	0	3	0	3	3	0	0	0	0
Bacteria|Firmicutes|Clostridia|Clostridiales|Lachnospiraceae|Lachnoclostridium_5	0	0	0	0	0	0	0	0	0	0	0	0	0	0	0	0	0	0	0	129	0	0	0	0	0	0	0	0	0	0	0	0	0	0	0	0	39	0	0	0
Bacteria|Proteobacteria|Gammaproteobacteria|Enterobacteriales|Enterobacteriaceae|Raoultella	0	0	23	0	19	0	57	14	0	0	0	0	0	0	0	0	0	0	0	0	0	0	0	0	0	0	0	0	0	0	0	0	0	0	0	0	0	0	0	0
Bacteria|Firmicutes|Clostridia|Clostridiales|Ruminococcaceae|Anaerofilum	0	0	18	0	7	0	0	0	3	9	0	0	0	0	2	0	0	0	0	0	4	2	0	0	24	0	3	8	0	0	0	51	0	0	15	0	4	10	2	0
Bacteria|Firmicutes|Bacilli|Lactobacillales|Enterococcaceae|Enterococcus	0	0	0	0	3	0	0	0	0	0	0	0	0	0	10	22	0	4	0	13	0	0	16	0	9	0	0	0	0	0	25	0	0	3	0	0	0	0	0	0
Bacteria|Firmicutes|Clostridia|Clostridiales|Ruminococcaceae|Pygmaiobacter	0	0	0	0	0	0	0	0	0	0	0	0	0	16	7	0	0	0	0	80	0	0	0	0	0	0	0	0	0	0	0	0	0	0	0	0	16	0	0	0
Bacteria|Firmicutes|Clostridia|Clostridiales|Lachnospiraceae|Tyzzerella_3	0	0	0	0	0	0	0	0	0	0	0	0	0	0	0	0	0	0	0	0	0	0	0	0	0	0	0	0	0	0	0	0	0	0	0	95	0	0	0	0
Bacteria|Firmicutes|Bacilli|Bacillales|Family_XI|Gemella	0	0	0	0	3	0	0	2	0	0	0	0	0	3	0	0	0	0	0	0	21	0	0	0	8	5	0	0	0	3	7	4	7	7	0	4	5	2	4	5
Bacteria|Firmicutes|Clostridia|Clostridiales|Ruminococcaceae|Caproiciproducens	3	0	8	3	24	0	0	0	4	17	0	0	0	5	11	2	3	0	0	13	3	7	0	0	19	3	25	38	0	9	0	91	0	0	0	8	0	0	6	0
Bacteria|Firmicutes|Clostridia|Clostridiales|Peptococcaceae|Peptococcus	0	0	0	0	0	0	0	0	5	24	0	0	0	0	0	0	0	0	0	0	0	0	0	0	25	40	5	67	0	0	0	0	0	0	0	0	0	3	10	0
Bacteria|Firmicutes|Clostridia|Clostridiales|Family_XI|Ezakiella	0	0	16	4	10	7	34	0	0	0	0	0	0	0	0	0	0	0	0	0	0	0	0	0	0	0	0	3	50	0	0	0	0	0	0	0	0	0	0	0
Bacteria|Firmicutes|Clostridia|Clostridiales|Clostridiaceae_1|Clostridium_sensu_stricto_2	0	0	0	0	0	0	0	0	0	0	0	0	0	0	0	0	0	0	0	87	0	0	0	0	0	0	0	0	0	0	0	0	0	0	0	0	0	0	0	0
Bacteria|Firmicutes|Clostridia|Clostridiales|Family_XIII|Family_XIII_UCG|001	0	0	2	5	11	0	0	0	9	5	0	2	0	0	0	0	0	4	4	0	0	6	0	0	11	0	0	0	3	0	0	0	0	0	10	23	0	7	2	0
Bacteria|Firmicutes|Clostridia|Clostridiales|Lachnospiraceae|GCA|900066755	0	0	0	3	17	0	0	0	0	0	0	0	0	59	0	0	4	0	0	0	0	3	0	0	0	0	0	0	0	0	0	0	0	0	0	0	0	0	0	0
Bacteria|Firmicutes|Clostridia|Clostridiales|Lachnospiraceae|Shuttleworthia	0	0	0	0	0	0	9	58	0	12	0	0	0	0	0	0	0	0	0	71	10	0	0	3	35	0	0	0	0	0	0	0	0	0	0	0	0	0	0	0
Bacteria|Bacteroidetes|Bacteroidia|Bacteroidales|Prevotellaceae|Prevotella	0	0	0	0	0	0	3	4	0	0	0	0	28	4	4	3	0	0	0	62	2	70	0	0	0	0	0	0	5	0	0	0	0	3	0	2	0	0	0	0
Bacteria|Actinobacteria|Coriobacteriia|Coriobacteriales|Atopobiaceae|Atopobium	0	0	0	0	0	0	0	0	0	0	0	0	0	0	0	0	0	0	0	0	70	0	0	0	0	0	0	0	0	0	0	0	0	0	0	0	0	0	0	0
Bacteria|Actinobacteria|Coriobacteriia|Coriobacteriales|Eggerthellaceae|Adlercreutzia	0	0	0	0	18	0	0	0	3	10	0	0	2	0	0	0	0	0	0	0	0	0	0	0	28	0	0	0	0	0	0	0	4	0	0	5	0	0	2	0
Bacteria|Epsilonbacteraeota|Campylobacteria|Campylobacterales|Arcobacteraceae|Arcobacter	0	0	0	0	0	0	0	0	0	0	0	0	0	0	0	0	0	0	0	0	0	0	0	0	0	0	0	65	0	0	0	0	0	0	0	0	0	0	0	0
Bacteria|Firmicutes|Clostridia|Clostridiales|Ruminococcaceae|Ruminococcaceae_UCG|009	0	8	4	0	0	0	0	0	0	32	0	2	0	0	0	0	5	0	3	0	0	13	0	0	21	0	0	5	0	0	0	0	0	0	15	19	0	6	0	0
Bacteria|Firmicutes|Clostridia|Clostridiales|Lachnospiraceae|Lachnospiraceae_FCS020_group	0	0	0	24	0	7	0	0	0	0	0	6	0	12	0	0	0	0	0	0	6	0	0	0	0	0	0	0	0	0	0	0	0	0	0	23	0	6	31	0
Bacteria|Lentisphaerae|Lentisphaeria|Victivallales|Victivallaceae|Victivallis	0	0	0	3	0	64	0	0	0	36	0	0	0	0	0	0	0	0	0	0	0	0	0	0	0	0	0	0	0	0	0	0	0	0	25	0	0	0	0	0
Archaea|Euryarchaeota|Thermoplasmata|Methanomassiliicoccales|Methanomassiliicoccaceae|Methanomassiliicoccus	0	4	52	0	0	0	0	0	0	0	0	0	0	0	0	0	0	0	0	0	0	0	0	0	0	0	0	0	0	0	0	0	0	0	0	0	0	0	0	0
Bacteria|Firmicutes|Clostridia|Clostridiales|Ruminococcaceae|Harryflintia	0	2	10	0	5	10	0	0	0	2	0	0	0	0	0	0	0	0	0	0	0	7	0	0	29	0	0	0	0	0	0	0	0	0	4	9	8	0	0	0
Bacteria|Firmicutes|Bacilli|Bacillales|Staphylococcaceae|Staphylococcus	0	0	3	0	5	2	4	0	0	0	0	0	0	0	0	0	0	0	0	0	0	0	0	0	40	0	0	0	0	0	0	0	0	0	0	0	0	0	0	0
Bacteria|Firmicutes|Clostridia|Clostridiales|Ruminococcaceae|Pseudoflavonifractor	0	0	0	2	19	8	0	0	0	4	0	0	0	0	0	0	0	0	2	0	0	0	0	0	4	0	2	0	0	0	0	0	0	0	0	16	18	0	6	0
Bacteria|Firmicutes|Erysipelotrichia|Erysipelotrichales|Erysipelotrichaceae|Dielma	0	0	0	0	0	0	0	0	0	5	0	5	0	0	0	0	0	0	0	0	0	0	3	0	11	0	0	0	0	11	0	14	0	0	0	0	17	10	0	0
Bacteria|Firmicutes|Clostridia|Clostridiales|Ruminococcaceae|Ruminococcaceae_UCG|011	0	5	21	0	0	0	0	0	0	2	0	4	0	0	0	0	0	0	0	0	0	0	0	0	0	0	12	2	0	0	0	0	0	0	11	18	0	2	0	0
Bacteria|Firmicutes|Clostridia|Clostridiales|Lachnospiraceae|Marvinbryantia	0	5	16	4	64	20	0	0	0	17	0	19	0	0	0	0	4	0	0	29	6	0	0	0	9	15	0	14	0	0	0	0	0	24	0	0	0	21	17	9
Bacteria|Firmicutes|Erysipelotrichia|Erysipelotrichales|Erysipelotrichaceae|Merdibacter	0	0	0	0	0	0	0	0	0	0	0	0	0	17	0	0	0	0	0	0	0	0	0	0	15	0	0	0	0	0	0	0	0	0	0	0	0	0	14	0
Bacteria|Firmicutes|Clostridia|Clostridiales|Ruminococcaceae|Candidatus_Soleaferrea	0	3	0	0	58	0	0	0	3	3	0	0	0	0	0	0	0	0	0	0	5	5	0	2	5	0	0	0	0	0	0	3	5	15	9	7	6	0	0	0
Bacteria|Proteobacteria|Gammaproteobacteria|Betaproteobacteriales|Burkholderiaceae|Oxalobacter	0	0	13	0	0	0	0	0	5	0	0	0	0	0	0	0	0	0	0	0	0	6	0	2	25	0	8	13	0	0	0	0	0	0	9	0	12	4	0	0
Bacteria|Actinobacteria|Actinobacteria|Micrococcales|Micrococcaceae|Rothia	0	0	0	0	0	0	0	0	0	0	0	3	0	0	0	0	0	0	0	0	67	0	0	0	0	0	0	0	0	0	0	0	0	4	6	3	0	0	0	0
Bacteria|Actinobacteria|Coriobacteriia|Coriobacteriales|Eggerthellaceae|Slackia	0	0	0	0	48	0	0	0	0	0	0	0	0	0	0	0	0	0	0	5	0	0	0	0	0	13	0	0	0	0	0	0	0	0	0	0	0	0	0	0
Bacteria|Firmicutes|Clostridia|Clostridiales|Clostridiaceae_1|Sarcina	0	0	0	0	0	0	0	34	0	2	0	0	0	0	0	0	0	0	0	0	0	0	0	0	0	0	4	0	0	0	0	0	0	0	0	0	0	0	0	0
Bacteria|Firmicutes|Clostridia|Clostridiales|Lachnospiraceae|Lachnospiraceae_NK4B4_group	0	0	8	0	0	0	0	0	0	0	0	0	0	0	0	0	0	0	0	0	0	0	0	0	0	0	0	28	0	0	0	0	0	0	0	0	0	0	0	0
Bacteria|Actinobacteria|Actinobacteria|Actinomycetales|Actinomycetaceae|Actinomyces	0	0	4	0	3	0	0	0	2	0	0	0	0	10	2	0	0	0	0	6	22	0	0	0	0	0	0	0	0	0	10	2	0	7	0	0	0	0	4	5
Bacteria|Bacteroidetes|Bacteroidia|Bacteroidales|Rikenellaceae|Rikenellaceae_RC9_gut_group	0	0	0	0	0	0	0	0	0	34	0	0	0	0	0	0	0	0	0	0	0	0	0	0	0	0	0	0	0	0	0	0	0	0	0	0	0	0	0	0
Bacteria|Firmicutes|Clostridia|Clostridiales|Family_XI|Parvimonas	0	0	0	0	0	0	0	0	0	0	0	0	0	0	0	0	0	0	0	0	5	31	0	0	0	0	0	0	0	0	0	0	0	0	0	0	0	0	0	0
Bacteria|Firmicutes|Clostridia|Clostridiales|Lachnospiraceae|Lachnospiraceae_UCG|009	0	0	0	0	0	9	0	0	12	0	0	0	0	0	0	0	0	0	0	0	0	11	0	0	0	0	0	0	0	0	0	0	0	0	0	0	0	0	0	0
Bacteria|Firmicutes|Clostridia|Clostridiales|Lachnospiraceae|Lachnospiraceae_NC2004_group	0	0	0	0	0	0	0	0	0	0	0	0	0	6	0	0	0	6	0	0	0	0	0	0	0	0	0	0	0	0	0	0	0	0	0	0	26	28	0	0
Bacteria|Actinobacteria|Coriobacteriia|Coriobacteriales|Eggerthellaceae|Gordonibacter	0	0	0	0	7	0	0	0	0	0	0	0	0	6	0	0	0	0	0	0	13	0	0	0	4	0	0	0	0	0	18	2	0	0	8	0	0	0	2	0
Bacteria|Firmicutes|Clostridia|Clostridiales|Lachnospiraceae|Lactonifactor	0	0	0	0	0	0	0	0	0	0	6	0	0	8	0	0	0	0	0	0	0	0	0	0	0	0	0	0	0	0	13	3	0	0	0	0	0	0	0	0
Bacteria|Firmicutes|Clostridia|Clostridiales|Christensenellaceae|Catabacter	0	0	0	0	0	0	0	0	0	0	0	0	0	0	0	0	0	0	0	0	0	0	0	0	32	0	0	0	0	0	0	0	0	0	0	0	0	0	0	0
Bacteria|Firmicutes|Clostridia|Clostridiales|Family_XI|Peptoniphilus	0	0	5	6	3	4	23	5	0	0	0	0	0	0	0	0	0	0	0	0	12	4	0	0	0	0	0	0	2	0	0	0	0	0	0	0	0	0	0	0
Bacteria|Firmicutes|Erysipelotrichia|Erysipelotrichales|Erysipelotrichaceae|Solobacterium	0	0	0	0	0	0	0	0	0	2	0	0	0	0	0	0	0	0	0	0	0	15	2	0	0	0	0	0	0	0	2	0	0	2	0	0	0	0	0	0
Bacteria|Synergistetes|Synergistia|Synergistales|Synergistaceae|Cloacibacillus	0	0	0	0	0	0	0	0	0	13	0	0	0	0	0	0	0	0	0	0	0	8	0	0	0	0	0	4	0	0	0	0	0	0	0	0	0	2	0	0
Bacteria|Proteobacteria|Gammaproteobacteria|Enterobacteriales|Enterobacteriaceae|Morganella	0	0	0	0	0	0	16	0	0	0	0	0	0	0	0	0	0	0	0	0	0	0	4	0	0	0	0	0	0	0	0	0	0	0	0	0	0	0	0	0
Bacteria|Firmicutes|Clostridia|Clostridiales|Family_XI|Murdochiella	0	0	4	0	0	0	6	4	0	0	0	0	4	0	0	0	0	0	0	0	0	0	0	0	0	0	0	0	5	0	0	0	0	0	0	0	0	0	0	0
Bacteria|Firmicutes|Clostridia|Clostridiales|Lachnospiraceae|Epulopiscium	0	0	0	0	0	0	0	0	0	0	0	0	4	0	0	0	0	0	0	11	0	0	0	0	0	0	0	0	0	0	3	0	0	0	0	0	0	0	0	0
Bacteria|Proteobacteria|Gammaproteobacteria|Betaproteobacteriales|Neisseriaceae|Neisseria	0	0	0	9	0	0	0	0	0	0	0	0	0	0	0	0	0	0	0	0	0	0	0	0	0	0	0	0	0	0	0	7	5	0	5	5	0	0	0	0
Bacteria|Firmicutes|Clostridia|Clostridiales|Family_XI|Anaerococcus	0	0	6	3	9	0	8	8	0	0	0	0	0	0	0	0	0	0	0	0	9	0	0	0	0	0	0	0	0	0	0	0	0	0	0	0	0	0	0	0
Bacteria|Firmicutes|Clostridia|Clostridiales|Lachnospiraceae|Howardella	0	0	0	0	0	0	0	5	0	8	0	0	0	0	0	0	0	0	0	0	0	0	0	0	0	0	0	0	0	0	0	0	0	0	0	0	19	0	0	0
Bacteria|Firmicutes|Clostridia|Clostridiales|Ruminococcaceae|Acetanaerobacterium	0	0	5	0	8	0	0	0	0	0	0	2	0	0	0	0	0	0	0	0	3	0	0	0	2	0	0	0	0	0	0	0	0	0	0	0	0	0	0	0
Bacteria|Actinobacteria|Actinobacteria|Corynebacteriales|Corynebacteriaceae|Corynebacterium_1	0	0	3	4	0	0	12	3	0	0	0	0	0	0	0	0	0	0	0	0	0	0	0	0	0	0	0	0	0	0	0	0	0	0	0	0	0	0	0	0
Bacteria|Firmicutes|Clostridia|Clostridiales|Peptostreptococcaceae|Peptostreptococcus	0	0	0	0	0	0	0	0	0	0	0	0	0	0	0	0	0	0	0	0	0	12	0	0	0	0	0	0	3	0	0	0	0	4	0	0	0	0	0	0
Bacteria|Proteobacteria|Gammaproteobacteria|Enterobacteriales|Enterobacteriaceae|Rosenbergiella	0	0	0	0	0	0	0	0	0	0	0	0	0	0	0	0	0	0	0	0	0	0	0	0	0	0	0	0	0	0	0	0	0	0	0	0	0	0	15	0
Bacteria|Proteobacteria|Gammaproteobacteria|Enterobacteriales|Enterobacteriaceae|Pseudocitrobacter	0	0	0	0	3	0	25	0	0	0	0	0	0	0	0	0	0	0	0	0	0	0	0	0	0	0	0	0	0	0	0	0	0	0	0	0	0	0	0	0
Bacteria|Firmicutes|Clostridia|Clostridiales|Lachnospiraceae|Oribacterium	0	0	0	3	0	0	0	2	0	14	0	0	0	0	0	0	0	0	0	0	0	0	0	0	0	0	0	0	0	0	0	0	0	0	0	0	0	0	0	0
Bacteria|Firmicutes|Negativicutes|Selenomonadales|Veillonellaceae|Allisonella	0	0	0	0	0	0	0	0	0	4	0	0	0	0	0	0	0	0	0	0	0	0	0	0	0	5	0	0	0	0	0	0	12	0	0	0	0	2	0	0
Bacteria|Bacteroidetes|Bacteroidia|Bacteroidales|Marinifilaceae|Sanguibacteroides	0	0	0	13	0	0	0	0	0	0	0	0	0	0	0	0	0	0	0	0	0	0	0	0	0	0	0	0	0	0	0	0	0	0	0	0	0	0	0	0
Bacteria|Firmicutes|Clostridia|Clostridiales|Family_XI|Finegoldia	0	0	0	0	4	0	4	3	0	0	0	0	0	0	3	0	0	0	0	0	0	0	0	0	3	0	0	0	0	0	0	0	0	0	0	0	0	0	0	0
Bacteria|Firmicutes|Erysipelotrichia|Erysipelotrichales|Erysipelotrichaceae|Ileibacterium	0	0	0	0	0	0	0	0	0	0	0	2	0	2	2	0	4	0	0	3	0	0	0	0	0	0	0	0	0	0	0	0	0	0	0	0	0	0	0	0
Bacteria|Proteobacteria|Gammaproteobacteria|Enterobacteriales|Enterobacteriaceae|Moellerella	0	0	0	0	0	0	0	0	0	0	0	0	0	0	20	0	0	0	0	0	0	0	0	0	0	0	0	0	0	0	0	0	0	0	0	0	0	0	0	0
Bacteria|Firmicutes|Clostridia|Clostridiales|Ruminococcaceae|Ruminococcaceae_UCG|008	0	0	0	2	0	0	0	0	0	0	0	0	0	3	0	0	0	0	0	12	0	0	0	0	0	0	0	5	0	0	0	0	0	0	0	0	0	0	0	0
Bacteria|Proteobacteria|Gammaproteobacteria|Pseudomonadales|Moraxellaceae|Acinetobacter	0	0	4	3	4	0	9	4	0	0	0	0	0	0	0	0	0	0	0	0	0	0	0	0	0	0	0	0	0	0	0	0	0	0	0	0	0	0	0	0
Bacteria|Proteobacteria|Gammaproteobacteria|Pseudomonadales|Moraxellaceae|Enhydrobacter	0	0	0	0	0	0	0	0	0	0	0	0	11	0	0	0	0	0	0	0	0	0	0	0	0	0	0	0	0	0	0	0	0	0	0	0	0	0	0	0
Bacteria|Actinobacteria|Coriobacteriia|Coriobacteriales|Atopobiaceae|Olsenella	0	0	0	0	0	0	0	0	0	0	0	0	0	0	0	0	0	0	0	11	0	0	0	0	0	0	0	0	0	0	0	0	0	0	0	0	0	0	0	0
Bacteria|Firmicutes|Erysipelotrichia|Erysipelotrichales|Erysipelotrichaceae|Dubosiella	0	0	0	0	0	0	0	0	0	4	0	0	0	0	2	0	0	0	2	0	2	0	0	0	0	0	0	0	0	0	0	0	0	0	0	0	0	0	0	0
Bacteria|Firmicutes|Clostridia|Clostridiales|Ruminococcaceae|Ruminiclostridium	0	0	0	0	9	0	0	0	0	7	0	0	0	0	0	0	0	0	0	0	0	3	0	0	0	2	0	10	0	0	0	0	0	0	0	5	0	0	0	0
Bacteria|Firmicutes|Clostridia|Clostridiales|Eubacteriaceae|Eubacterium	0	0	0	0	0	0	0	0	0	0	0	0	0	0	0	0	0	0	0	0	0	0	2	0	0	0	0	0	3	0	0	0	4	0	0	0	0	0	0	0
Bacteria|Actinobacteria|Coriobacteriia|Coriobacteriales|Eggerthellaceae|DNF00809	0	0	0	0	4	0	0	0	0	0	0	0	0	0	0	0	0	0	0	0	0	0	0	0	3	0	0	0	0	0	0	0	0	5	0	0	0	0	0	0
Bacteria|Firmicutes|Bacilli|Lactobacillales|Lactobacillaceae|Pediococcus	0	0	0	0	0	0	0	0	0	0	0	0	0	2	0	0	0	0	0	0	0	0	0	0	0	0	0	0	0	0	8	0	0	0	0	0	0	0	0	0
Bacteria|Proteobacteria|Gammaproteobacteria|Enterobacteriales|Enterobacteriaceae|Hafnia|Obesumbacterium	0	0	0	0	0	0	0	0	0	0	0	0	0	0	0	0	0	0	7	0	0	0	0	0	0	0	0	0	0	0	0	0	0	0	0	0	0	0	0	0
Bacteria|Firmicutes|Clostridia|Clostridiales|Family_XIII|Anaerovorax	0	0	0	0	0	0	0	0	0	4	0	0	0	0	0	0	0	0	0	7	0	0	0	0	0	0	0	0	0	0	0	0	0	0	0	0	0	0	0	0
Bacteria|Actinobacteria|Actinobacteria|Bifidobacteriales|Bifidobacteriaceae|Scardovia	0	0	0	0	0	0	0	0	0	0	0	0	0	0	0	0	0	0	0	0	5	0	0	0	0	0	0	0	0	0	0	0	0	2	0	0	0	0	0	0
Bacteria|Firmicutes|Clostridia|Clostridiales|Lachnospiraceae|possible_genus_Sk018	0	0	0	0	6	0	0	0	0	0	0	0	0	0	0	0	0	0	0	0	0	0	0	0	0	0	0	0	0	0	0	0	0	0	0	0	0	0	0	0
Bacteria|Firmicutes|Clostridia|Clostridiales|Peptostreptococcaceae|Asaccharospora	0	0	0	0	0	0	6	0	0	0	0	0	0	0	0	0	0	0	0	0	0	0	0	0	0	0	0	0	0	0	0	0	0	0	0	0	0	0	0	0
Bacteria|Actinobacteria|Actinobacteria|Corynebacteriales|Corynebacteriaceae|Lawsonella	0	0	0	0	0	0	0	0	0	0	0	0	0	0	0	0	0	0	0	0	6	0	0	0	0	0	0	0	0	0	0	0	0	0	0	0	0	0	0	0
Bacteria|Bacteroidetes|Bacteroidia|Bacteroidales|Prevotellaceae|Prevotella_2	0	0	2	0	0	0	0	3	0	0	0	0	0	0	0	0	0	0	0	0	0	0	0	0	0	0	0	0	0	0	0	0	0	0	0	0	0	0	0	0
Bacteria|Firmicutes|Clostridia|Clostridiales|Defluviitaleaceae|Defluviitaleaceae_UCG|011	0	0	0	0	0	0	0	0	0	3	0	0	0	0	0	0	0	0	0	0	0	0	0	0	0	2	0	0	0	0	0	0	0	0	0	0	0	5	0	0
Bacteria|Firmicutes|Clostridia|Clostridiales|Ruminococcaceae|Sporobacter	0	0	0	0	0	0	0	0	0	0	0	4	0	0	0	0	0	0	0	0	0	0	0	0	0	0	0	0	0	0	0	0	0	0	0	0	0	0	0	0
Bacteria|Proteobacteria|Alphaproteobacteria|Rhizobiales|Beijerinckiaceae|Methylobacterium	0	0	0	0	0	0	0	0	0	0	0	0	4	0	0	0	0	0	0	0	0	0	0	0	0	0	0	0	0	0	0	0	0	0	0	0	0	0	0	0
Bacteria|Firmicutes|Negativicutes|Selenomonadales|Veillonellaceae|Anaeroglobus	0	0	0	0	0	0	0	0	0	0	0	0	0	4	0	0	0	0	0	0	0	0	0	0	0	0	0	0	0	0	0	0	0	2	0	0	0	0	0	0
Bacteria|Firmicutes|Clostridia|Clostridiales|Lachnospiraceae|Robinsoniella	0	0	0	0	0	0	0	0	0	0	0	0	0	4	0	0	0	0	0	0	0	0	0	0	0	0	0	0	0	0	0	0	0	0	0	0	0	0	0	0
Bacteria|Firmicutes|Clostridia|Clostridiales|Family_XIII|S5|A14a	0	0	0	0	0	0	0	0	0	0	0	0	0	0	0	0	0	0	0	0	2	4	0	0	0	0	0	0	0	0	0	0	0	0	0	0	0	0	0	0
Bacteria|Firmicutes|Clostridia|Clostridiales|Ruminococcaceae|Ruminococcaceae_UCG|007	0	0	0	0	0	0	0	0	0	0	0	0	0	0	0	0	0	0	0	0	0	0	0	0	0	4	0	4	0	0	0	0	0	0	0	0	0	0	0	0
Bacteria|Actinobacteria|Actinobacteria|Corynebacteriales|Corynebacteriaceae|Corynebacterium	0	0	0	0	3	0	0	0	0	0	0	0	0	0	0	0	0	0	0	0	0	0	0	0	0	0	0	0	0	0	0	0	0	0	0	0	0	0	0	0
Bacteria|Deferribacteres|Deferribacteres|Deferribacterales|Deferribacteraceae|Mucispirillum	0	0	0	0	0	0	3	0	0	0	0	0	0	0	0	0	0	0	0	0	0	0	0	0	0	0	0	0	0	0	0	0	0	0	0	0	0	0	0	0
Bacteria|Actinobacteria|Actinobacteria|Actinomycetales|Actinomycetaceae|Mobiluncus	0	0	0	0	2	0	0	3	0	0	0	0	0	0	0	0	0	0	0	0	0	0	0	0	0	0	0	0	0	0	0	0	0	0	0	0	0	0	0	0
Bacteria|Firmicutes|Clostridia|Clostridiales|Eubacteriaceae|Anaerofustis	0	0	0	0	0	0	0	0	0	0	0	3	0	2	0	0	0	0	0	2	0	0	0	0	0	0	0	3	0	0	0	0	0	0	0	0	0	0	0	0
Bacteria|Firmicutes|Clostridia|Clostridiales|Christensenellaceae|Christensenella	0	0	0	0	0	0	0	0	0	0	0	0	0	0	0	0	0	0	0	0	0	0	0	0	0	0	3	0	0	0	0	0	0	0	0	0	0	0	0	0
Bacteria|Firmicutes|Bacilli|Lactobacillales|Aerococcaceae|Abiotrophia	0	0	0	0	0	0	0	0	0	0	0	0	0	0	0	0	0	0	0	0	0	0	0	0	0	0	0	0	0	0	3	0	0	0	0	0	0	0	0	0
Bacteria|Firmicutes|Clostridia|Clostridiales|Lachnospiraceae|Hespellia	0	0	0	0	0	0	0	0	0	0	0	0	0	0	0	0	0	0	0	0	0	0	0	0	0	0	0	0	0	0	0	0	3	0	0	0	0	0	0	0
Bacteria|Bacteroidetes|Bacteroidia|Flavobacteriales|Weeksellaceae|Bergeyella	0	0	0	0	0	0	0	0	0	0	0	0	0	0	0	0	0	0	0	0	0	0	0	0	0	0	0	0	0	0	0	0	0	0	0	3	0	0	0	0
Bacteria|Proteobacteria|Gammaproteobacteria|Pasteurellales|Pasteurellaceae|Cricetibacter	0	0	0	0	0	0	0	0	0	0	0	0	0	0	0	0	0	0	0	0	0	0	0	0	0	0	0	0	0	0	0	0	0	0	0	3	0	0	0	0
Bacteria|Actinobacteria|Actinobacteria|Micrococcales|Dermabacteraceae|Brachybacterium	0	0	0	2	0	0	0	0	0	0	0	0	0	0	0	0	0	0	0	0	0	0	0	0	0	0	0	0	0	0	0	0	0	0	0	0	0	0	0	0
Eukaryota|Incertae_Sedis|Incertae_Sedis_cl|Incertae_Sedis_or|Incertae_Sedis_fa|Blastocystis	0	0	0	0	2	0	0	0	0	0	0	0	0	0	0	0	0	0	0	0	0	0	0	0	0	0	0	0	0	0	0	0	0	0	0	0	0	0	0	0
Bacteria|Bacteroidetes|Bacteroidia|Bacteroidales|Prevotellaceae|Prevotellaceae_UCG|001	0	0	0	0	0	2	0	0	0	0	0	0	0	0	0	0	0	0	0	0	0	0	0	0	0	0	0	0	0	0	0	0	0	0	0	0	0	0	0	0
Bacteria|Proteobacteria|Alphaproteobacteria|Rhizobiales|Rhizobiaceae|Brucella	0	0	0	0	0	0	2	0	0	0	0	0	0	0	0	0	0	0	0	0	0	0	0	0	0	0	0	0	0	0	0	0	0	0	0	0	0	0	0	0
Bacteria|Firmicutes|Negativicutes|Selenomonadales|Veillonellaceae|Negativicoccus	0	0	0	0	0	0	2	0	0	0	0	0	0	0	0	0	0	0	0	0	0	0	0	0	0	0	0	0	0	0	0	0	0	0	0	0	0	0	0	0
Bacteria|Proteobacteria|Alphaproteobacteria|Rhizobiales|Rhizobiaceae|Ochrobactrum	0	0	0	0	0	0	0	2	0	0	0	0	0	0	0	0	0	0	0	0	0	0	0	0	0	0	0	0	0	0	0	0	0	0	0	0	0	0	0	0
Bacteria|Proteobacteria|Gammaproteobacteria|Betaproteobacteriales|Burkholderiaceae|Delftia	0	0	0	0	0	0	0	2	0	0	0	0	0	0	0	0	0	0	0	0	0	0	0	0	0	0	0	0	0	0	0	0	0	0	0	0	0	0	0	0
Bacteria|Firmicutes|Clostridia|Clostridiales|Lachnospiraceae|Cuneatibacter	0	0	0	0	0	0	0	0	0	2	0	0	0	0	0	0	0	0	0	0	0	0	0	0	0	0	0	0	0	0	0	0	0	0	0	0	0	2	0	0
Bacteria|Actinobacteria|Thermoleophilia|Solirubrobacterales|Solirubrobacteraceae|Parviterribacter	0	0	0	0	0	0	0	0	0	0	0	2	0	0	0	0	0	0	0	0	0	0	0	0	0	0	0	0	0	0	0	0	0	0	0	0	0	0	0	0
Archaea|Euryarchaeota|Methanobacteria|Methanobacteriales|Methanobacteriaceae|Methanosphaera	0	0	0	0	0	0	0	0	0	0	0	0	0	0	0	0	0	0	2	0	0	0	0	0	0	0	0	0	0	0	0	0	0	0	0	0	0	0	0	0
Bacteria|Firmicutes|Bacilli|Lactobacillales|Leuconostocaceae|Leuconostoc	0	0	0	0	0	0	0	0	0	0	0	0	0	0	0	0	0	0	0	0	2	0	0	0	0	0	0	0	0	0	0	0	0	0	0	0	0	0	0	0
Bacteria|Proteobacteria|Gammaproteobacteria|Betaproteobacteriales|Neisseriaceae|Eikenella	0	0	0	0	0	0	0	0	0	0	0	0	0	0	0	0	0	0	0	0	0	2	0	0	0	0	0	0	0	0	0	0	0	0	0	0	0	0	0	0
Bacteria|Proteobacteria|Gammaproteobacteria|Aeromonadales|Succinivibrionaceae|Succinivibrio	0	0	0	0	0	0	0	0	0	0	0	0	0	0	0	0	0	0	0	0	0	0	0	0	2	0	0	0	0	0	0	0	0	0	0	0	0	0	0	0
Bacteria|Proteobacteria|Gammaproteobacteria|Aeromonadales|Succinivibrionaceae|Anaerobiospirillum	0	0	0	0	0	0	0	0	0	0	0	0	0	0	0	0	0	0	0	0	0	0	0	0	0	0	0	0	2	0	0	0	0	0	0	0	0	0	0	0
Bacteria|Firmicutes|Negativicutes|Selenomonadales|Acidaminococcaceae|Succinispira	0	0	0	0	0	0	0	0	0	0	0	0	0	0	0	0	0	0	0	0	0	0	0	0	0	0	0	0	2	0	0	0	0	0	0	0	0	0	0	0
Bacteria|Fusobacteria|Fusobacteriia|Fusobacteriales|Leptotrichiaceae|Leptotrichia	0	0	0	0	0	0	0	0	0	0	0	0	0	0	0	0	0	0	0	0	0	0	0	0	0	0	0	0	0	0	0	2	0	0	0	0	0	0	0	0
Bacteria|Firmicutes|Clostridia|Clostridiales|Lachnospiraceae|Acetatifactor	0	0	0	0	0	0	0	0	0	0	0	0	0	0	0	0	0	0	0	0	0	0	0	0	0	0	0	0	0	0	0	2	0	0	0	0	0	0	0	0
Bacteria|Proteobacteria|Gammaproteobacteria|Pseudomonadales|Pseudomonadaceae|Azomonas	0	0	0	0	0	0	0	0	0	0	0	0	0	0	0	0	0	0	0	0	0	0	0	0	0	0	0	0	0	0	0	0	0	0	0	2	0	0	0	0
